origin,season,budget_usd,trip_type,duration_days,past_destinations,recommended_dest
FRA,spring,1876,leisure,24,12,SIN
JFK,spring,2655,business,9,10,CDG
FRA,spring,3387,family,23,13,LHR
LAX,spring,3813,business,26,19,LHR
CDG,spring,4869,leisure,23,14,LHR
CDG,winter,3247,business,16,12,LHR
LAX,summer,2046,business,28,6,CDG
SIN,spring,220,business,1,19,BOM
SIN,spring,4723,leisure,8,13,LHR
NRT,autumn,5547,business,5,11,NRT
LHR,spring,1173,family,25,14,SIN
JFK,summer,5307,business,3,6,NRT
CDG,spring,4318,leisure,13,14,LHR
NRT,autumn,3223,leisure,28,19,LHR
SYD,spring,5663,family,2,11,NRT
LAX,summer,597,business,27,17,DXB
BOM,autumn,2431,leisure,3,4,CDG
SYD,summer,702,business,27,8,DXB
SIN,autumn,3048,leisure,2,4,LHR
CDG,spring,7992,business,21,16,NRT
DXB,summer,1304,family,3,17,SIN
LAX,spring,565,family,8,8,BOM
LAX,spring,1922,family,3,16,SIN
NRT,spring,5578,business,10,15,NRT
CDG,spring,6312,leisure,25,19,NRT
BOM,autumn,4771,family,23,8,LHR
SYD,autumn,5411,family,2,3,NRT
JFK,winter,2188,leisure,6,6,CDG
CDG,winter,335,business,14,11,BOM
JFK,spring,6452,business,7,4,NRT
BOM,summer,5369,leisure,23,9,NRT
SYD,summer,1806,business,4,18,SIN
LHR,summer,5634,leisure,12,18,NRT
FRA,summer,1258,family,22,2,SIN
SIN,autumn,5713,leisure,29,19,NRT
NRT,winter,2137,family,7,7,CDG
CDG,autumn,7373,business,6,14,NRT
NRT,spring,321,leisure,28,19,BOM
FRA,summer,837,leisure,19,9,DXB
SIN,winter,4652,family,8,7,LHR
JFK,winter,7425,business,6,2,NRT
LHR,spring,5828,leisure,26,17,NRT
FRA,autumn,6911,leisure,28,9,NRT
DXB,summer,5271,business,27,11,NRT
BOM,summer,894,leisure,21,1,DXB
SIN,summer,7918,leisure,18,6,NRT
LAX,autumn,1382,business,18,15,SIN
DXB,winter,5240,business,17,13,NRT
NRT,spring,4205,business,21,14,LHR
LHR,autumn,2549,leisure,16,14,CDG
LHR,winter,4349,family,14,10,LHR
FRA,summer,6060,leisure,20,13,NRT
CDG,winter,5916,leisure,5,7,NRT
LAX,spring,4500,family,22,13,LHR
NRT,spring,1065,business,4,7,SIN
BOM,winter,7741,business,11,12,NRT
BOM,summer,4752,leisure,26,13,LHR
NRT,spring,4777,business,29,12,LHR
DXB,autumn,4840,leisure,22,8,LHR
SYD,spring,5498,business,27,13,NRT
SYD,autumn,3473,leisure,19,18,LHR
LHR,summer,2725,family,27,19,CDG
SYD,spring,790,family,5,17,BOM
LAX,spring,2638,business,14,1,CDG
NRT,winter,1968,family,5,13,SIN
CDG,winter,6670,business,15,3,NRT
SIN,spring,515,leisure,13,14,BOM
LHR,summer,1923,business,29,9,SIN
SYD,summer,5718,leisure,13,13,NRT
CDG,summer,6881,leisure,2,18,NRT
NRT,autumn,4145,family,7,3,LHR
SIN,spring,3457,leisure,1,8,LHR
FRA,winter,5978,leisure,21,12,NRT
CDG,autumn,3708,business,10,9,LHR
SIN,winter,6339,leisure,20,11,NRT
BOM,winter,7476,business,20,3,NRT
NRT,spring,922,leisure,2,18,BOM
BOM,winter,6765,leisure,2,14,NRT
CDG,winter,5373,family,6,11,NRT
CDG,summer,319,family,12,2,DXB
JFK,winter,4910,business,28,16,LHR
LAX,summer,2521,leisure,21,17,CDG
NRT,summer,5832,leisure,6,15,NRT
SYD,winter,2189,leisure,7,8,CDG
BOM,summer,4017,family,23,16,LHR
SYD,autumn,859,leisure,17,15,BOM
SIN,winter,1984,leisure,9,13,SIN
LAX,autumn,2406,leisure,8,2,CDG
JFK,autumn,5940,business,27,6,NRT
JFK,winter,6105,family,8,15,NRT
FRA,spring,1341,leisure,20,19,SIN
CDG,autumn,344,leisure,17,12,BOM
SYD,spring,2535,leisure,22,10,CDG
SYD,autumn,4998,family,23,12,LHR
LAX,spring,1473,business,25,15,SIN
CDG,autumn,2047,leisure,13,18,CDG
FRA,spring,1976,leisure,29,5,SIN
DXB,summer,4128,business,18,15,LHR
LHR,summer,6001,leisure,14,9,NRT
SIN,summer,4373,business,21,4,LHR
SYD,summer,1548,family,4,17,SIN
LAX,autumn,4102,business,16,11,LHR
LAX,autumn,3214,leisure,5,10,LHR
JFK,winter,4695,business,10,7,LHR
JFK,autumn,4430,family,21,10,LHR
DXB,summer,4864,business,20,8,LHR
CDG,winter,2523,family,15,3,CDG
FRA,autumn,1281,family,15,4,SIN
FRA,autumn,2752,leisure,21,17,CDG
SYD,summer,3007,leisure,29,2,LHR
FRA,autumn,4047,family,19,10,LHR
LAX,autumn,3906,business,29,14,LHR
CDG,summer,3608,leisure,6,6,LHR
JFK,winter,2630,family,23,8,CDG
FRA,spring,7103,business,27,18,NRT
CDG,winter,6928,family,12,17,NRT
BOM,winter,3064,business,10,3,LHR
BOM,autumn,7354,business,26,13,NRT
DXB,spring,3958,family,25,19,LHR
FRA,autumn,2360,leisure,27,2,CDG
LAX,spring,1666,leisure,14,3,SIN
SIN,summer,3889,family,23,6,LHR
BOM,spring,3397,leisure,24,17,LHR
LAX,spring,598,leisure,17,15,BOM
JFK,autumn,5842,family,22,15,NRT
DXB,summer,6548,leisure,27,6,NRT
SIN,summer,4011,business,7,8,LHR
CDG,spring,3295,leisure,15,13,LHR
BOM,summer,3212,business,28,3,LHR
JFK,autumn,4451,family,21,2,LHR
JFK,summer,7742,business,11,1,NRT
LHR,winter,2270,business,11,16,CDG
LHR,summer,5961,family,3,5,NRT
CDG,spring,2216,family,1,12,CDG
DXB,autumn,1172,leisure,26,10,SIN
NRT,winter,853,leisure,18,13,BOM
DXB,summer,670,business,10,6,DXB
LAX,spring,4959,leisure,12,16,LHR
FRA,summer,7503,family,15,4,NRT
LHR,summer,836,family,15,15,DXB
LAX,summer,6838,leisure,27,12,NRT
LHR,autumn,6268,family,10,6,NRT
LHR,autumn,2818,business,27,13,CDG
LAX,winter,4296,leisure,13,4,LHR
CDG,spring,5259,leisure,18,13,NRT
DXB,summer,7774,leisure,16,1,NRT
SIN,summer,789,leisure,2,2,DXB
CDG,summer,7329,leisure,7,19,NRT
FRA,spring,7987,leisure,10,11,NRT
SIN,spring,219,leisure,6,16,BOM
FRA,summer,5848,leisure,27,2,NRT
SIN,winter,4773,family,13,2,LHR
BOM,winter,3094,family,12,8,LHR
SYD,winter,5092,leisure,12,10,NRT
CDG,autumn,5754,leisure,14,14,NRT
DXB,summer,4410,business,11,3,LHR
FRA,spring,2317,family,1,9,CDG
SIN,summer,6786,family,10,3,NRT
FRA,summer,5167,family,14,17,NRT
JFK,winter,444,family,18,17,BOM
DXB,spring,3417,business,21,15,LHR
SYD,summer,7814,family,11,2,NRT
CDG,winter,5635,leisure,18,14,NRT
LHR,winter,5494,family,10,13,NRT
LAX,spring,7847,business,19,18,NRT
SIN,spring,2971,family,17,14,CDG
NRT,summer,1984,business,29,15,SIN
LHR,winter,7240,family,27,15,NRT
NRT,spring,4531,family,2,8,LHR
JFK,summer,2980,business,2,15,CDG
BOM,spring,4748,leisure,1,16,LHR
JFK,winter,1209,leisure,25,12,SIN
LHR,spring,1707,business,24,7,SIN
JFK,autumn,1227,business,6,16,SIN
LAX,summer,6901,leisure,23,14,NRT
BOM,spring,4076,family,13,12,LHR
LHR,autumn,1702,business,9,14,SIN
JFK,summer,685,family,11,19,DXB
NRT,spring,6941,leisure,1,15,NRT
SYD,summer,4543,business,6,16,LHR
DXB,summer,1926,family,21,18,SIN
SIN,autumn,5354,leisure,4,4,NRT
FRA,spring,1754,business,28,2,SIN
NRT,winter,1856,business,17,14,SIN
FRA,autumn,7698,leisure,22,5,NRT
LAX,winter,6624,leisure,27,1,NRT
JFK,spring,1393,business,8,3,SIN
CDG,summer,2673,leisure,14,12,CDG
LAX,autumn,2184,business,25,18,CDG
JFK,summer,935,leisure,8,17,DXB
FRA,autumn,5198,leisure,18,17,NRT
JFK,summer,915,business,14,6,DXB
SYD,spring,7402,family,1,16,NRT
BOM,spring,5819,business,14,13,NRT
SIN,autumn,521,leisure,22,10,BOM
LHR,autumn,4408,leisure,23,12,LHR
SYD,summer,4649,business,29,8,LHR
CDG,winter,3993,family,16,2,LHR
DXB,winter,1007,business,15,14,SIN
LHR,winter,3894,family,8,15,LHR
SYD,autumn,1744,business,10,10,SIN
LAX,winter,1482,business,5,16,SIN
CDG,spring,3066,leisure,5,18,LHR
BOM,autumn,2850,leisure,18,4,CDG
NRT,summer,4821,family,5,8,LHR
SYD,autumn,6543,business,25,2,NRT
CDG,autumn,1264,business,6,14,SIN
LHR,winter,6311,leisure,20,13,NRT
FRA,autumn,1151,business,25,6,SIN
CDG,spring,2055,family,17,13,CDG
FRA,spring,863,business,12,5,BOM
SYD,spring,4193,business,13,1,LHR
SIN,spring,4306,family,17,1,LHR
JFK,autumn,3532,business,23,8,LHR
FRA,summer,4201,family,11,10,LHR
LAX,autumn,5887,family,14,9,NRT
CDG,autumn,2500,business,22,17,CDG
FRA,autumn,3310,leisure,8,6,LHR
LHR,summer,335,business,20,12,DXB
LAX,summer,5748,family,13,10,NRT
JFK,spring,4694,family,20,6,LHR
FRA,winter,6970,family,29,15,NRT
SIN,summer,5692,family,28,1,NRT
NRT,winter,662,family,26,19,BOM
DXB,winter,3773,family,7,8,LHR
SIN,autumn,2400,leisure,28,19,CDG
BOM,spring,2359,family,20,12,CDG
NRT,spring,7110,family,11,2,NRT
JFK,summer,4871,family,4,12,LHR
SYD,spring,368,leisure,1,2,BOM
DXB,autumn,4204,leisure,14,14,LHR
JFK,spring,6385,business,6,8,NRT
NRT,winter,641,leisure,5,15,BOM
LAX,winter,4508,leisure,19,2,LHR
NRT,summer,781,family,26,17,DXB
SIN,spring,3240,leisure,27,13,LHR
BOM,winter,5465,family,22,10,NRT
SIN,winter,3581,family,9,10,LHR
NRT,autumn,3854,business,15,17,LHR
NRT,autumn,5282,leisure,29,11,NRT
JFK,spring,4767,family,3,13,LHR
LAX,spring,1067,family,5,5,SIN
DXB,autumn,1391,family,20,9,SIN
SYD,autumn,5575,leisure,18,6,NRT
BOM,summer,2905,business,2,9,CDG
LAX,summer,5833,leisure,19,6,NRT
NRT,autumn,1614,family,11,1,SIN
FRA,summer,3308,business,17,13,LHR
NRT,winter,4507,leisure,25,1,LHR
DXB,spring,6381,business,18,9,NRT
BOM,autumn,849,family,13,19,BOM
CDG,spring,6152,business,19,1,NRT
DXB,summer,4277,business,3,3,LHR
BOM,summer,5904,leisure,23,6,NRT
NRT,summer,2821,family,28,8,CDG
NRT,summer,6378,leisure,15,3,NRT
CDG,summer,7344,business,21,8,NRT
NRT,winter,5297,family,3,15,NRT
LAX,autumn,4551,business,3,19,LHR
SYD,spring,6920,family,6,11,NRT
LAX,winter,2216,leisure,16,13,CDG
JFK,summer,3307,business,13,7,LHR
FRA,winter,6640,family,15,11,NRT
LAX,autumn,2921,family,11,16,CDG
FRA,summer,3759,business,5,1,LHR
SYD,autumn,6542,family,9,11,NRT
DXB,spring,5854,leisure,29,15,NRT
LAX,summer,6745,family,20,12,NRT
BOM,spring,2952,family,10,6,CDG
NRT,summer,5842,family,29,15,NRT
DXB,winter,2235,family,12,16,CDG
SYD,spring,4379,family,28,5,LHR
JFK,autumn,953,family,7,10,BOM
NRT,summer,4571,family,6,12,LHR
DXB,autumn,3559,family,3,5,LHR
NRT,autumn,5251,family,12,18,NRT
DXB,winter,2343,leisure,8,18,CDG
DXB,winter,6266,leisure,28,10,NRT
LHR,summer,411,business,1,9,DXB
NRT,winter,3810,leisure,10,13,LHR
SIN,summer,2224,family,15,19,CDG
JFK,summer,3339,family,7,2,LHR
LAX,winter,4024,family,9,1,LHR
DXB,spring,6428,family,7,3,NRT
NRT,autumn,2823,leisure,26,15,CDG
DXB,summer,990,business,17,1,DXB
BOM,autumn,4010,leisure,10,6,LHR
JFK,spring,5306,family,14,19,NRT
JFK,autumn,1602,family,1,19,SIN
JFK,autumn,1030,family,29,13,SIN
CDG,spring,5196,business,10,17,NRT
JFK,spring,1037,family,6,12,SIN
SYD,winter,2407,business,13,10,CDG
LAX,autumn,2178,family,23,5,CDG
BOM,spring,7053,leisure,27,18,NRT
LHR,autumn,3313,business,6,18,LHR
LAX,summer,801,business,12,5,DXB
JFK,autumn,2562,leisure,7,1,CDG
FRA,summer,4688,family,15,3,LHR
JFK,autumn,4743,business,11,5,LHR
SIN,spring,1800,leisure,8,4,SIN
BOM,summer,2780,family,29,4,CDG
LAX,summer,7389,business,28,15,NRT
JFK,spring,2719,family,6,16,CDG
CDG,winter,3884,leisure,10,14,LHR
SIN,spring,1820,business,19,11,SIN
CDG,autumn,4502,family,19,9,LHR
CDG,summer,7377,leisure,13,15,NRT
NRT,autumn,1185,family,13,3,SIN
LAX,spring,7487,business,16,2,NRT
JFK,winter,6161,family,5,9,NRT
NRT,spring,7585,business,20,5,NRT
NRT,winter,4046,leisure,7,13,LHR
SIN,winter,5328,family,12,5,NRT
NRT,spring,1044,family,12,7,SIN
JFK,autumn,7463,family,7,17,NRT
CDG,summer,571,family,7,7,DXB
SIN,winter,4267,family,16,7,LHR
FRA,autumn,6751,family,9,19,NRT
NRT,winter,5784,leisure,2,12,NRT
SIN,autumn,814,family,22,17,BOM
JFK,winter,5001,family,20,4,NRT
LHR,autumn,2151,leisure,16,13,CDG
LHR,summer,1095,family,11,7,SIN
SIN,spring,3449,business,16,16,LHR
SYD,winter,1421,business,26,9,SIN
CDG,winter,3958,business,22,8,LHR
LAX,winter,5043,business,19,19,NRT
LAX,winter,1600,business,2,18,SIN
LAX,spring,1121,family,14,14,SIN
SIN,summer,3249,business,4,7,LHR
CDG,autumn,2585,business,7,2,CDG
DXB,spring,2967,leisure,22,12,CDG
FRA,winter,3916,leisure,14,5,LHR
FRA,autumn,3708,family,4,12,LHR
CDG,spring,4458,leisure,1,7,LHR
BOM,spring,6211,business,29,19,NRT
SIN,winter,4584,leisure,4,10,LHR
BOM,spring,2459,business,27,15,CDG
LAX,winter,2226,leisure,19,1,CDG
LAX,spring,1675,leisure,29,4,SIN
DXB,autumn,5756,family,13,19,NRT
LHR,spring,4551,business,3,11,LHR
CDG,autumn,6185,business,4,7,NRT
DXB,summer,3113,business,21,6,LHR
SYD,autumn,3201,business,12,19,LHR
SIN,spring,3150,leisure,25,14,LHR
SIN,winter,2362,business,11,10,CDG
CDG,autumn,2473,family,16,13,CDG
DXB,summer,4071,family,11,7,LHR
LHR,autumn,5601,business,27,12,NRT
FRA,summer,4196,family,9,19,LHR
FRA,winter,3545,leisure,8,19,LHR
DXB,winter,4973,business,27,19,LHR
SYD,summer,3616,business,1,2,LHR
DXB,winter,5554,business,3,12,NRT
NRT,autumn,6499,leisure,25,10,NRT
NRT,spring,6664,business,9,14,NRT
DXB,winter,3979,leisure,22,1,LHR
FRA,summer,7639,family,11,3,NRT
SYD,autumn,1614,leisure,8,16,SIN
LHR,spring,5013,family,6,2,NRT
DXB,autumn,579,leisure,25,15,BOM
FRA,summer,1915,business,6,4,SIN
SYD,summer,1865,family,26,9,SIN
LAX,autumn,7770,family,14,14,NRT
FRA,winter,2260,leisure,7,9,CDG
DXB,summer,2741,business,25,1,CDG
SYD,spring,6468,family,1,9,NRT
SIN,winter,1298,business,20,3,SIN
BOM,spring,3720,family,10,6,LHR
BOM,summer,7018,business,28,14,NRT
LAX,summer,2331,business,13,8,CDG
NRT,spring,5092,family,22,15,NRT
NRT,winter,7023,family,18,11,NRT
SYD,winter,7335,business,24,17,NRT
JFK,spring,4137,business,28,17,LHR
BOM,autumn,532,business,13,7,BOM
LAX,autumn,2237,business,17,10,CDG
FRA,winter,4014,family,28,12,LHR
DXB,spring,662,leisure,16,11,BOM
BOM,summer,7300,business,18,4,NRT
FRA,summer,371,leisure,19,2,DXB
LHR,summer,5411,family,12,18,NRT
LHR,spring,5972,leisure,24,15,NRT
JFK,winter,6924,leisure,27,11,NRT
DXB,autumn,7584,family,5,7,NRT
JFK,winter,4411,family,23,9,LHR
CDG,winter,7621,business,10,2,NRT
CDG,winter,5872,business,15,4,NRT
SIN,summer,2814,leisure,9,11,CDG
JFK,spring,6657,leisure,23,18,NRT
CDG,winter,5803,leisure,6,9,NRT
SYD,spring,4453,family,9,16,LHR
LAX,summer,6646,leisure,29,8,NRT
LHR,autumn,7852,business,15,7,NRT
JFK,summer,6608,business,6,9,NRT
SIN,winter,4990,family,4,11,LHR
BOM,summer,1225,family,8,18,SIN
FRA,autumn,4879,leisure,12,2,LHR
LHR,summer,1954,business,22,10,SIN
SIN,summer,4109,family,19,15,LHR
LHR,autumn,7220,leisure,19,2,NRT
NRT,autumn,5134,leisure,3,4,NRT
LAX,summer,5295,leisure,7,13,NRT
CDG,autumn,1190,leisure,23,19,SIN
NRT,spring,2636,family,19,11,CDG
CDG,winter,1545,business,17,15,SIN
JFK,summer,4587,business,22,17,LHR
NRT,summer,495,family,6,14,DXB
CDG,autumn,3326,leisure,2,9,LHR
LHR,summer,5425,leisure,15,10,NRT
LAX,summer,477,business,2,1,DXB
BOM,summer,3297,family,25,17,LHR
BOM,summer,7078,family,11,2,NRT
DXB,autumn,2733,family,10,6,CDG
LAX,winter,5931,family,4,10,NRT
JFK,spring,5727,business,1,17,NRT
JFK,spring,2556,leisure,28,11,CDG
SYD,spring,4067,leisure,18,19,LHR
NRT,winter,4818,business,13,9,LHR
LAX,autumn,4485,business,6,4,LHR
FRA,autumn,6375,family,12,14,NRT
FRA,spring,3736,family,8,19,LHR
FRA,spring,1054,business,2,6,SIN
JFK,autumn,2238,business,4,5,CDG
LHR,winter,4635,business,10,9,LHR
LAX,spring,1466,family,25,4,SIN
SIN,spring,1305,leisure,6,13,SIN
LAX,autumn,762,business,25,19,BOM
SIN,winter,1400,business,19,10,SIN
SIN,winter,6980,business,19,8,NRT
SYD,winter,4985,leisure,22,14,LHR
SYD,summer,770,family,26,17,DXB
SIN,winter,980,family,16,15,BOM
JFK,winter,6572,leisure,20,12,NRT
FRA,summer,1026,leisure,3,14,SIN
JFK,summer,1298,business,19,10,SIN
LHR,autumn,4977,leisure,1,3,LHR
LAX,winter,5905,leisure,14,3,NRT
JFK,spring,3878,leisure,25,2,LHR
LAX,autumn,2237,business,21,15,CDG
SIN,summer,2199,family,15,18,CDG
DXB,winter,1969,business,17,5,SIN
NRT,summer,4442,business,29,9,LHR
SIN,winter,409,business,15,5,BOM
LHR,winter,7026,leisure,11,16,NRT
LAX,spring,7479,business,28,19,NRT
NRT,summer,7600,family,22,11,NRT
LAX,winter,7486,family,25,16,NRT
SYD,autumn,2946,family,23,2,CDG
SIN,winter,5095,business,23,5,NRT
CDG,autumn,7586,family,3,12,NRT
LAX,summer,7274,leisure,1,4,NRT
JFK,summer,4302,business,16,15,LHR
SIN,winter,5853,business,19,13,NRT
SYD,summer,5916,family,23,17,NRT
DXB,spring,1441,business,7,3,SIN
NRT,spring,4935,family,29,18,LHR
SYD,summer,4790,business,2,15,LHR
NRT,spring,5494,business,18,17,NRT
CDG,winter,710,leisure,5,11,BOM
SYD,summer,7730,business,16,18,NRT
NRT,winter,3899,business,10,19,LHR
LAX,summer,4653,business,24,17,LHR
FRA,summer,2193,leisure,23,7,CDG
JFK,summer,6625,family,12,16,NRT
LHR,summer,7577,business,22,2,NRT
SIN,winter,3329,business,8,13,LHR
JFK,summer,7311,family,12,15,NRT
LHR,spring,1013,leisure,13,10,SIN
SYD,summer,1975,leisure,12,4,SIN
NRT,autumn,3007,family,5,11,LHR
BOM,summer,4907,business,29,9,LHR
LHR,spring,1207,family,2,5,SIN
BOM,winter,2413,leisure,3,4,CDG
BOM,winter,1326,family,22,13,SIN
SYD,autumn,6243,business,4,12,NRT
DXB,summer,2882,leisure,4,12,CDG
LHR,winter,3950,family,15,10,LHR
FRA,winter,2891,leisure,3,12,CDG
BOM,winter,7621,leisure,5,5,NRT
SIN,winter,5891,family,13,15,NRT
DXB,winter,3837,business,6,3,LHR
LHR,summer,7116,business,26,15,NRT
FRA,autumn,6734,family,18,16,NRT
FRA,spring,7743,family,3,10,NRT
CDG,summer,2846,family,2,17,CDG
FRA,summer,3063,leisure,13,18,LHR
SYD,spring,5488,family,17,17,NRT
FRA,summer,6174,leisure,19,6,NRT
SIN,summer,6875,business,17,4,NRT
SIN,spring,7283,business,4,6,NRT
BOM,autumn,7714,leisure,1,3,NRT
LHR,spring,4079,leisure,24,4,LHR
LAX,summer,2440,family,12,16,CDG
FRA,winter,5140,business,22,19,NRT
DXB,winter,6994,family,6,17,NRT
SIN,spring,2248,leisure,7,19,CDG
JFK,autumn,6676,leisure,23,17,NRT
SIN,spring,253,family,19,18,BOM
LHR,spring,1095,family,22,4,SIN
SIN,autumn,7545,leisure,19,16,NRT
LAX,winter,4403,family,17,17,LHR
NRT,spring,2235,leisure,8,9,CDG
SYD,autumn,3343,leisure,26,10,LHR
JFK,summer,1412,family,1,5,SIN
LHR,summer,4649,leisure,13,1,LHR
NRT,autumn,5638,business,13,8,NRT
CDG,autumn,746,business,22,19,BOM
JFK,summer,4298,family,22,10,LHR
FRA,summer,3439,family,19,1,LHR
LAX,spring,5841,family,2,16,NRT
LHR,spring,7402,business,2,1,NRT
DXB,winter,7545,leisure,4,16,NRT
DXB,spring,880,leisure,21,14,BOM
CDG,autumn,1212,leisure,22,6,SIN
LAX,winter,4203,family,20,13,LHR
SIN,winter,691,business,13,19,BOM
JFK,autumn,5236,family,17,1,NRT
SYD,summer,2801,business,15,5,CDG
DXB,summer,1493,family,15,10,SIN
JFK,summer,7595,leisure,11,3,NRT
LAX,summer,2783,business,15,1,CDG
JFK,spring,6192,family,24,6,NRT
LHR,winter,1966,leisure,4,19,SIN
JFK,autumn,2879,leisure,26,13,CDG
NRT,winter,3536,family,19,18,LHR
FRA,winter,7284,family,24,4,NRT
LAX,summer,6030,business,8,1,NRT
BOM,summer,5639,family,8,11,NRT
LAX,summer,6769,family,3,1,NRT
BOM,spring,2862,family,7,19,CDG
SYD,autumn,7612,family,24,8,NRT
FRA,winter,4272,family,20,10,LHR
LAX,winter,3178,business,20,16,LHR
NRT,spring,2964,business,11,16,CDG
LHR,winter,7087,leisure,18,13,NRT
LAX,summer,1073,business,27,7,SIN
SIN,spring,6269,business,17,18,NRT
LAX,spring,2167,leisure,1,16,CDG
BOM,spring,5281,business,17,9,NRT
SIN,spring,7545,family,7,14,NRT
CDG,winter,3148,leisure,28,10,LHR
SIN,summer,7865,business,16,18,NRT
LAX,spring,3096,business,3,18,LHR
SYD,spring,3655,leisure,16,8,LHR
LAX,spring,5620,family,16,17,NRT
FRA,spring,1222,leisure,1,5,SIN
LHR,summer,2770,business,5,3,CDG
FRA,autumn,2373,business,6,16,CDG
NRT,summer,7773,family,17,17,NRT
JFK,winter,4467,leisure,13,3,LHR
LAX,autumn,6899,leisure,28,4,NRT
NRT,summer,3832,business,18,16,LHR
LAX,autumn,1150,family,19,14,SIN
SYD,spring,6908,family,3,1,NRT
CDG,summer,3976,leisure,16,6,LHR
DXB,summer,3751,leisure,17,9,LHR
LAX,spring,6838,family,17,5,NRT
SIN,winter,4310,leisure,4,12,LHR
SYD,winter,343,leisure,27,15,BOM
JFK,winter,3517,leisure,9,18,LHR
LHR,summer,3011,leisure,3,8,LHR
LHR,winter,5588,family,28,1,NRT
CDG,winter,1439,business,17,1,SIN
CDG,autumn,2282,business,3,4,CDG
DXB,winter,7557,leisure,12,9,NRT
NRT,autumn,2768,family,7,15,CDG
SIN,winter,7829,family,7,14,NRT
SIN,autumn,6667,business,15,16,NRT
BOM,summer,6959,business,14,12,NRT
CDG,autumn,361,leisure,9,1,BOM
SIN,spring,2936,leisure,24,8,CDG
NRT,winter,3709,family,12,19,LHR
CDG,autumn,969,family,29,11,BOM
FRA,autumn,5884,family,18,1,NRT
JFK,spring,2911,leisure,17,15,CDG
LHR,autumn,6020,leisure,5,18,NRT
NRT,summer,1429,family,28,18,SIN
LAX,winter,1759,business,17,15,SIN
LAX,winter,7816,family,15,8,NRT
FRA,summer,1724,business,13,12,SIN
LAX,summer,6536,family,1,9,NRT
BOM,autumn,6499,family,24,7,NRT
NRT,spring,4939,business,15,19,LHR
DXB,winter,1717,family,11,12,SIN
SYD,spring,4959,leisure,25,6,LHR
SIN,summer,5078,family,18,1,NRT
DXB,spring,3039,leisure,17,13,LHR
NRT,autumn,507,family,18,8,BOM
CDG,spring,2696,business,12,13,CDG
CDG,autumn,3842,business,17,2,LHR
BOM,winter,7854,leisure,5,11,NRT
NRT,winter,4070,business,14,1,LHR
BOM,summer,4622,business,27,2,LHR
NRT,summer,2898,family,4,1,CDG
FRA,summer,7756,leisure,9,9,NRT
SYD,summer,357,leisure,10,18,DXB
FRA,summer,1271,leisure,14,18,SIN
DXB,summer,7731,family,12,8,NRT
CDG,summer,3711,business,15,19,LHR
JFK,winter,4977,family,8,4,LHR
LHR,spring,6956,family,8,18,NRT
SIN,autumn,6738,family,12,2,NRT
JFK,winter,2752,leisure,28,10,CDG
SIN,winter,3959,leisure,6,13,LHR
FRA,autumn,5735,family,5,4,NRT
LAX,winter,6366,leisure,27,17,NRT
CDG,autumn,1521,family,19,1,SIN
CDG,autumn,3588,business,1,7,LHR
LHR,spring,7369,leisure,28,1,NRT
FRA,summer,3444,leisure,21,18,LHR
LHR,winter,6777,leisure,26,19,NRT
SIN,summer,3152,family,16,2,LHR
LAX,winter,1387,family,27,16,SIN
FRA,summer,5465,business,1,3,NRT
SIN,winter,5048,business,13,1,NRT
BOM,summer,2963,business,22,2,CDG
DXB,winter,647,family,13,7,BOM
CDG,winter,1800,business,24,4,SIN
JFK,winter,2025,leisure,17,7,CDG
CDG,winter,6539,business,14,9,NRT
JFK,spring,2701,family,19,11,CDG
LAX,autumn,7519,leisure,19,11,NRT
SIN,spring,6710,family,3,4,NRT
NRT,winter,4396,family,3,3,LHR
LAX,spring,6627,family,23,17,NRT
SIN,summer,913,leisure,22,14,DXB
NRT,winter,7044,business,24,13,NRT
SIN,winter,1685,leisure,15,2,SIN
LAX,summer,6852,family,9,3,NRT
NRT,autumn,1758,family,2,9,SIN
SYD,summer,5998,business,18,12,NRT
SIN,autumn,5933,family,24,3,NRT
SYD,autumn,4131,family,25,18,LHR
CDG,winter,496,business,3,7,BOM
LAX,summer,3760,leisure,29,2,LHR
BOM,summer,6838,leisure,20,5,NRT
SYD,summer,4020,leisure,1,16,LHR
SIN,autumn,7496,family,8,10,NRT
SIN,autumn,1899,family,24,6,SIN
LHR,autumn,2851,business,24,4,CDG
BOM,summer,854,family,16,8,DXB
LHR,winter,7607,leisure,28,9,NRT
SIN,autumn,1316,business,27,12,SIN
DXB,autumn,3822,leisure,18,13,LHR
JFK,spring,2606,family,24,2,CDG
SIN,autumn,1116,leisure,25,10,SIN
JFK,summer,7528,leisure,14,16,NRT
SIN,winter,280,family,4,18,BOM
DXB,winter,3505,leisure,5,9,LHR
LHR,autumn,2626,family,12,12,CDG
FRA,spring,5858,family,12,12,NRT
CDG,spring,4320,leisure,7,13,LHR
JFK,autumn,5111,business,4,16,NRT
LHR,winter,4340,family,8,8,LHR
LAX,winter,7911,leisure,11,2,NRT
SYD,winter,4401,business,21,16,LHR
JFK,autumn,4992,family,15,13,LHR
DXB,spring,4118,leisure,17,2,LHR
LHR,autumn,7990,business,9,11,NRT
BOM,summer,3657,family,24,4,LHR
CDG,spring,2130,business,20,16,CDG
LAX,autumn,5898,business,4,2,NRT
LAX,winter,3864,leisure,11,13,LHR
FRA,spring,3936,leisure,19,17,LHR
CDG,winter,5745,family,23,13,NRT
SIN,autumn,2784,family,6,1,CDG
DXB,spring,2411,family,12,4,CDG
SYD,spring,4502,business,18,13,LHR
SYD,summer,6832,family,13,3,NRT
LHR,autumn,2559,family,28,14,CDG
NRT,spring,7994,leisure,11,18,NRT
NRT,spring,3770,leisure,25,14,LHR
CDG,summer,2726,business,26,11,CDG
JFK,autumn,4977,business,16,13,LHR
JFK,summer,7966,leisure,17,16,NRT
BOM,winter,3360,family,5,16,LHR
JFK,autumn,4570,leisure,21,11,LHR
DXB,summer,6187,family,12,1,NRT
JFK,winter,6004,leisure,15,14,NRT
FRA,spring,5128,business,3,10,NRT
DXB,summer,2455,business,19,7,CDG
CDG,autumn,6499,business,5,19,NRT
SYD,spring,735,leisure,29,10,BOM
FRA,spring,6539,leisure,15,3,NRT
SYD,autumn,2311,family,24,5,CDG
BOM,spring,4766,business,10,6,LHR
BOM,winter,5721,leisure,10,16,NRT
LHR,winter,6614,leisure,14,10,NRT
JFK,autumn,5437,leisure,11,13,NRT
DXB,summer,1973,business,19,17,SIN
DXB,autumn,409,family,10,8,BOM
SIN,summer,2473,leisure,10,5,CDG
SYD,spring,6012,leisure,18,14,NRT
NRT,autumn,6898,family,6,15,NRT
CDG,winter,375,business,16,19,BOM
LAX,spring,5169,business,29,16,NRT
CDG,summer,5583,business,29,10,NRT
NRT,summer,5907,business,25,5,NRT
SIN,spring,7343,leisure,6,10,NRT
NRT,spring,1684,family,18,11,SIN
SIN,winter,4383,leisure,2,12,LHR
CDG,winter,2440,business,20,18,CDG
CDG,autumn,7826,family,22,16,NRT
JFK,winter,1619,family,24,5,SIN
LAX,winter,471,business,5,12,BOM
FRA,spring,5225,family,28,3,NRT
SYD,summer,7220,business,13,12,NRT
BOM,autumn,3415,leisure,2,13,LHR
NRT,spring,4221,family,29,14,LHR
LAX,autumn,1628,family,7,6,SIN
FRA,summer,4999,leisure,26,9,LHR
LHR,summer,1005,business,27,4,SIN
FRA,spring,3584,leisure,24,19,LHR
CDG,winter,546,family,25,16,BOM
LAX,summer,4502,family,24,8,LHR
DXB,autumn,7255,family,5,18,NRT
BOM,winter,760,business,22,9,BOM
FRA,autumn,3102,business,26,5,LHR
JFK,winter,7402,business,25,4,NRT
CDG,spring,6752,family,3,16,NRT
BOM,spring,3526,business,27,18,LHR
LHR,summer,5539,leisure,20,16,NRT
BOM,autumn,5314,business,10,10,NRT
CDG,spring,4083,family,18,1,LHR
JFK,summer,1631,leisure,1,12,SIN
LHR,autumn,587,leisure,7,2,BOM
SYD,winter,3633,family,14,15,LHR
SIN,winter,2957,family,28,12,CDG
LHR,autumn,2645,family,22,7,CDG
LAX,autumn,4746,leisure,11,2,LHR
BOM,spring,2588,leisure,5,2,CDG
FRA,spring,873,family,20,2,BOM
JFK,autumn,5293,leisure,16,19,NRT
NRT,spring,841,family,20,16,BOM
LAX,winter,5811,business,1,18,NRT
BOM,winter,3534,leisure,23,4,LHR
JFK,autumn,3690,business,8,2,LHR
NRT,autumn,3806,family,28,12,LHR
NRT,summer,4123,leisure,16,8,LHR
DXB,spring,1448,leisure,9,6,SIN
LAX,spring,3808,family,10,7,LHR
FRA,spring,2374,family,25,1,CDG
DXB,autumn,4012,business,18,9,LHR
JFK,spring,5442,family,10,19,NRT
LAX,summer,4659,leisure,24,19,LHR
LAX,spring,4107,leisure,4,19,LHR
JFK,autumn,2347,business,6,16,CDG
SIN,autumn,1102,leisure,26,12,SIN
FRA,winter,729,business,7,11,BOM
CDG,winter,4992,family,20,18,LHR
JFK,autumn,5885,leisure,18,6,NRT
FRA,winter,1149,family,6,15,SIN
SYD,spring,1495,business,2,19,SIN
JFK,autumn,6482,family,15,9,NRT
BOM,spring,6548,leisure,10,14,NRT
CDG,autumn,7109,leisure,10,18,NRT
FRA,autumn,2505,family,13,13,CDG
NRT,spring,6132,leisure,16,4,NRT
NRT,summer,891,leisure,15,19,DXB
BOM,summer,5189,business,15,19,NRT
JFK,autumn,5305,leisure,20,2,NRT
CDG,spring,7967,business,14,18,NRT
NRT,winter,2927,business,3,3,CDG
DXB,spring,3115,leisure,22,3,LHR
NRT,summer,4877,leisure,23,12,LHR
JFK,summer,6383,leisure,26,12,NRT
JFK,spring,5987,leisure,23,10,NRT
LHR,autumn,7776,business,14,15,NRT
NRT,spring,796,family,21,13,BOM
BOM,autumn,5267,family,7,13,NRT
FRA,spring,2231,family,3,12,CDG
DXB,winter,7535,family,15,11,NRT
LHR,spring,4530,business,19,18,LHR
DXB,spring,1429,business,29,14,SIN
CDG,winter,2355,business,15,13,CDG
CDG,autumn,4572,business,3,19,LHR
SYD,autumn,7452,business,28,8,NRT
SIN,spring,5026,family,19,19,NRT
FRA,winter,3706,business,12,15,LHR
LAX,winter,4792,family,19,14,LHR
BOM,autumn,2172,leisure,27,18,CDG
DXB,winter,6573,business,24,19,NRT
LHR,summer,1312,family,26,13,SIN
NRT,spring,2446,family,11,8,CDG
NRT,spring,454,business,10,14,BOM
FRA,summer,338,family,28,4,DXB
JFK,autumn,4562,business,11,2,LHR
LHR,winter,7969,leisure,18,4,NRT
LHR,spring,5763,leisure,21,19,NRT
JFK,winter,5344,leisure,29,16,NRT
BOM,winter,2639,family,16,19,CDG
JFK,autumn,7137,family,24,14,NRT
LAX,summer,2881,business,28,19,CDG
LHR,autumn,2865,business,27,12,CDG
LHR,winter,4943,business,3,10,LHR
LAX,autumn,7573,leisure,12,13,NRT
SIN,autumn,5407,business,15,11,NRT
BOM,spring,5562,family,1,1,NRT
LAX,winter,6737,business,7,3,NRT
LHR,spring,691,leisure,17,9,BOM
LHR,summer,3129,leisure,13,2,LHR
FRA,winter,6020,business,15,14,NRT
BOM,autumn,3959,family,29,1,LHR
CDG,spring,6685,business,26,15,NRT
LAX,spring,7318,business,23,3,NRT
FRA,autumn,2796,leisure,9,16,CDG
NRT,summer,1444,business,16,19,SIN
LHR,spring,6412,business,28,5,NRT
NRT,summer,6451,business,16,10,NRT
JFK,spring,2697,leisure,28,14,CDG
DXB,summer,925,leisure,23,5,DXB
JFK,spring,1297,leisure,25,15,SIN
DXB,spring,6807,business,12,8,NRT
SYD,winter,3597,family,23,19,LHR
SIN,summer,1017,business,11,12,SIN
DXB,summer,1133,business,8,19,SIN
SIN,summer,3758,business,23,3,LHR
CDG,spring,2895,leisure,5,4,CDG
SIN,summer,1525,leisure,21,17,SIN
SIN,spring,3199,leisure,9,14,LHR
FRA,winter,4390,leisure,24,3,LHR
SYD,autumn,289,leisure,16,7,BOM
LHR,winter,7720,family,7,10,NRT
JFK,autumn,2554,business,18,3,CDG
SYD,summer,1377,leisure,6,10,SIN
NRT,spring,1735,family,22,3,SIN
JFK,autumn,6799,family,24,19,NRT
LHR,winter,1299,family,3,16,SIN
JFK,autumn,1933,leisure,9,6,SIN
LHR,winter,7385,leisure,18,1,NRT
FRA,autumn,795,family,22,16,BOM
FRA,summer,3690,business,5,19,LHR
NRT,winter,6772,business,22,12,NRT
LHR,summer,6306,family,1,5,NRT
JFK,spring,1390,business,29,11,SIN
CDG,winter,7189,business,13,13,NRT
LHR,autumn,1703,leisure,7,17,SIN
JFK,summer,7141,family,23,9,NRT
JFK,summer,6138,leisure,2,19,NRT
NRT,spring,1516,business,9,13,SIN
CDG,spring,4851,family,22,3,LHR
SYD,winter,7988,family,29,6,NRT
LAX,summer,2015,business,29,9,CDG
JFK,spring,792,family,1,9,BOM
CDG,autumn,608,family,21,19,BOM
SYD,autumn,1162,business,10,2,SIN
SIN,spring,3821,family,14,3,LHR
JFK,winter,442,family,29,9,BOM
FRA,summer,5463,family,7,19,NRT
LAX,autumn,514,business,10,3,BOM
JFK,spring,5233,family,12,2,NRT
LHR,autumn,6092,family,15,13,NRT
JFK,winter,5293,family,13,17,NRT
SYD,summer,6197,family,16,2,NRT
SYD,winter,5196,business,24,2,NRT
LAX,autumn,4616,business,4,10,LHR
BOM,spring,3552,leisure,25,16,LHR
CDG,autumn,4904,business,12,13,LHR
NRT,summer,4682,leisure,5,8,LHR
LAX,autumn,6849,family,19,18,NRT
CDG,autumn,5070,family,1,11,NRT
SYD,winter,3340,leisure,25,9,LHR
SYD,summer,1516,business,19,2,SIN
SIN,spring,1711,business,15,5,SIN
JFK,summer,3141,leisure,27,10,LHR
LHR,summer,5367,business,26,6,NRT
FRA,summer,2851,family,3,19,CDG
LAX,summer,5044,leisure,23,14,NRT
LAX,autumn,1184,leisure,12,16,SIN
LHR,autumn,4374,leisure,19,12,LHR
CDG,winter,450,family,16,18,BOM
SIN,spring,3366,leisure,28,16,LHR
LHR,autumn,2922,family,22,2,CDG
FRA,summer,5435,business,21,14,NRT
JFK,summer,724,family,15,1,DXB
DXB,winter,3290,family,9,6,LHR
CDG,summer,3861,leisure,14,12,LHR
LAX,winter,7279,family,8,7,NRT
FRA,spring,7195,family,18,4,NRT
LAX,spring,571,business,18,1,BOM
SIN,summer,4417,family,17,1,LHR
JFK,spring,6081,family,1,14,NRT
DXB,summer,7725,business,16,6,NRT
DXB,summer,7483,leisure,27,11,NRT
LHR,winter,6279,leisure,1,5,NRT
SIN,autumn,854,family,22,4,BOM
FRA,spring,1797,leisure,7,19,SIN
SYD,autumn,5028,leisure,25,3,NRT
BOM,winter,7330,business,1,7,NRT
SYD,spring,610,business,4,2,BOM
NRT,autumn,1655,leisure,28,1,SIN
LHR,autumn,7024,family,7,1,NRT
JFK,autumn,4110,family,23,7,LHR
CDG,spring,1520,leisure,29,2,SIN
SIN,autumn,3648,family,19,12,LHR
DXB,summer,2164,business,5,16,CDG
DXB,winter,5740,leisure,27,15,NRT
DXB,winter,3190,business,8,1,LHR
JFK,winter,3623,business,14,7,LHR
JFK,winter,3331,leisure,21,1,LHR
SIN,autumn,2987,business,2,9,CDG
NRT,spring,6634,business,24,9,NRT
SIN,spring,2650,business,2,2,CDG
DXB,autumn,816,family,28,17,BOM
CDG,autumn,4387,business,18,14,LHR
SIN,autumn,7374,family,22,17,NRT
SYD,autumn,3099,family,28,19,LHR
LHR,autumn,5237,business,26,11,NRT
SYD,winter,1327,leisure,9,14,SIN
BOM,winter,6457,leisure,21,5,NRT
CDG,summer,3679,business,18,6,LHR
NRT,autumn,3108,leisure,7,9,LHR
NRT,autumn,469,family,11,7,BOM
BOM,winter,2146,family,23,11,CDG
JFK,autumn,2239,family,21,6,CDG
CDG,spring,1194,business,5,11,SIN
LAX,autumn,3647,business,6,17,LHR
NRT,summer,2989,leisure,5,13,CDG
CDG,summer,3836,family,25,8,LHR
LAX,autumn,7308,business,21,19,NRT
JFK,summer,3672,business,8,14,LHR
LAX,autumn,1325,leisure,15,11,SIN
FRA,spring,3091,business,20,3,LHR
DXB,summer,4422,business,25,9,LHR
LAX,summer,2635,leisure,15,6,CDG
CDG,winter,1044,business,12,16,SIN
BOM,autumn,5070,business,22,10,NRT
LAX,autumn,379,business,16,15,BOM
JFK,summer,7238,leisure,14,5,NRT
SIN,spring,1788,business,3,11,SIN
LHR,summer,6188,business,24,13,NRT
NRT,autumn,7091,leisure,8,3,NRT
LAX,autumn,7724,family,10,16,NRT
DXB,spring,4403,leisure,1,6,LHR
DXB,autumn,1000,leisure,8,4,BOM
DXB,autumn,1917,leisure,15,14,SIN
NRT,autumn,5053,leisure,19,5,NRT
SIN,summer,7236,business,14,19,NRT
LHR,spring,4054,leisure,12,16,LHR
DXB,spring,6086,business,15,18,NRT
SIN,spring,1114,family,16,8,SIN
DXB,autumn,4064,leisure,5,19,LHR
JFK,summer,7001,family,1,14,NRT
CDG,summer,7065,leisure,26,17,NRT
CDG,autumn,1972,family,21,14,SIN
JFK,summer,6404,family,18,14,NRT
SIN,autumn,6566,business,22,18,NRT
LHR,spring,698,leisure,22,16,BOM
LAX,winter,6192,business,2,2,NRT
DXB,autumn,1012,business,28,8,SIN
NRT,winter,312,family,13,2,BOM
JFK,spring,3722,leisure,20,9,LHR
DXB,spring,4810,leisure,7,1,LHR
JFK,autumn,4356,family,24,1,LHR
CDG,winter,5769,family,16,2,NRT
SIN,summer,5370,leisure,9,15,NRT
FRA,winter,2763,family,17,4,CDG
SYD,autumn,2131,family,23,4,CDG
LHR,winter,3460,family,27,17,LHR
LHR,summer,3982,business,15,17,LHR
CDG,autumn,7970,business,23,18,NRT
SYD,autumn,3525,leisure,12,8,LHR
BOM,winter,1780,family,14,8,SIN
BOM,winter,3114,leisure,16,4,LHR
JFK,autumn,1654,family,20,14,SIN
LAX,winter,2513,leisure,13,15,CDG
SYD,winter,2504,family,25,7,CDG
NRT,winter,4134,leisure,3,8,LHR
BOM,autumn,5236,family,15,17,NRT
JFK,autumn,2303,leisure,25,15,CDG
CDG,summer,5136,leisure,6,13,NRT
CDG,autumn,6471,family,20,19,NRT
LAX,summer,7456,leisure,27,11,NRT
JFK,autumn,4260,family,24,13,LHR
SYD,autumn,2345,family,18,15,CDG
JFK,autumn,7803,leisure,24,5,NRT
NRT,spring,3579,family,1,1,LHR
NRT,autumn,580,leisure,15,8,BOM
LAX,summer,580,family,28,16,DXB
NRT,spring,3140,business,12,8,LHR
JFK,autumn,255,family,19,1,BOM
LHR,spring,779,business,12,3,BOM
NRT,spring,558,leisure,3,3,BOM
LHR,winter,7970,business,8,3,NRT
LAX,winter,5423,leisure,7,11,NRT
DXB,winter,2217,business,27,9,CDG
CDG,autumn,3507,business,13,4,LHR
LHR,autumn,2012,family,16,11,CDG
DXB,summer,6172,family,17,6,NRT
JFK,winter,2310,family,3,18,CDG
LHR,spring,6058,leisure,28,14,NRT
NRT,winter,4072,family,2,11,LHR
CDG,spring,7171,family,29,14,NRT
JFK,spring,3663,leisure,22,7,LHR
JFK,spring,4655,business,8,3,LHR
LHR,spring,7623,leisure,27,14,NRT
CDG,summer,2153,family,1,16,CDG
BOM,spring,2215,family,23,13,CDG
FRA,winter,318,business,7,19,BOM
SIN,spring,2297,leisure,7,7,CDG
CDG,autumn,1567,leisure,29,13,SIN
NRT,winter,2530,business,3,14,CDG
FRA,spring,7733,family,2,18,NRT
LAX,spring,6087,business,29,13,NRT
DXB,autumn,1546,family,17,8,SIN
NRT,summer,5287,business,15,4,NRT
LAX,winter,1777,business,18,1,SIN
LAX,winter,6402,business,20,2,NRT
LAX,spring,4664,business,10,13,LHR
SIN,summer,4604,business,4,9,LHR
LHR,spring,5056,leisure,25,16,NRT
LAX,autumn,588,family,22,19,BOM
SIN,autumn,5375,business,8,13,NRT
SIN,winter,6124,family,3,9,NRT
BOM,autumn,4492,business,6,17,LHR
CDG,winter,2977,leisure,2,8,CDG
BOM,spring,2098,leisure,8,19,CDG
SIN,autumn,4670,family,17,10,LHR
JFK,spring,7034,leisure,10,12,NRT
NRT,summer,5919,business,19,8,NRT
JFK,spring,2741,business,13,16,CDG
FRA,autumn,4956,family,10,1,LHR
CDG,spring,1691,family,6,7,SIN
DXB,summer,4560,business,27,19,LHR
BOM,summer,5718,family,22,10,NRT
JFK,winter,7609,business,7,13,NRT
CDG,autumn,6346,business,14,19,NRT
LAX,spring,930,family,3,17,BOM
SYD,winter,6731,business,8,8,NRT
SIN,spring,7385,business,7,14,NRT
LHR,winter,5620,leisure,22,11,NRT
SIN,autumn,7526,family,8,7,NRT
FRA,winter,2691,leisure,5,17,CDG
NRT,summer,5107,business,10,16,NRT
SYD,summer,3553,business,10,7,LHR
SYD,autumn,2588,family,6,16,CDG
NRT,autumn,2287,family,22,8,CDG
BOM,winter,3420,family,19,11,LHR
JFK,autumn,2673,family,16,9,CDG
LAX,winter,2113,family,18,14,CDG
DXB,winter,4657,business,13,4,LHR
LHR,spring,4906,business,7,15,LHR
FRA,winter,545,leisure,10,10,BOM
LAX,spring,5240,business,6,8,NRT
DXB,summer,4787,leisure,2,10,LHR
FRA,summer,5671,business,16,16,NRT
JFK,summer,4034,family,4,6,LHR
LHR,winter,1797,family,3,3,SIN
SYD,spring,5240,leisure,3,10,NRT
BOM,summer,7488,leisure,8,17,NRT
DXB,summer,5718,leisure,12,16,NRT
NRT,spring,6883,family,2,11,NRT
CDG,winter,1665,leisure,14,5,SIN
SYD,spring,2576,family,23,16,CDG
FRA,autumn,7436,leisure,18,18,NRT
LHR,summer,2894,family,7,1,CDG
JFK,summer,6581,leisure,13,4,NRT
LAX,spring,7005,leisure,9,5,NRT
SYD,spring,4608,business,15,11,LHR
LHR,winter,2844,family,9,13,CDG
CDG,autumn,6042,family,11,3,NRT
LHR,autumn,280,business,4,8,BOM
SYD,spring,6290,leisure,5,9,NRT
DXB,summer,2617,business,8,6,CDG
LAX,winter,5185,family,10,18,NRT
BOM,winter,806,leisure,23,6,BOM
SIN,autumn,7175,family,20,3,NRT
FRA,spring,3151,business,29,11,LHR
LAX,winter,5865,leisure,18,1,NRT
LAX,autumn,2058,business,18,18,CDG
FRA,winter,3503,business,22,13,LHR
DXB,summer,3190,business,25,6,LHR
LHR,winter,4355,leisure,18,5,LHR
JFK,summer,4802,business,11,6,LHR
BOM,summer,4569,family,21,14,LHR
LHR,autumn,4395,business,19,6,LHR
SIN,spring,2542,business,20,1,CDG
NRT,winter,924,family,12,18,BOM
CDG,summer,3147,family,18,12,LHR
LAX,winter,1451,leisure,29,6,SIN
CDG,spring,6963,leisure,6,2,NRT
SYD,spring,4287,leisure,18,4,LHR
FRA,winter,3000,family,3,19,CDG
BOM,autumn,290,family,16,4,BOM
JFK,autumn,2896,leisure,9,6,CDG
SYD,autumn,2809,leisure,27,15,CDG
DXB,spring,6224,leisure,6,12,NRT
FRA,spring,7011,family,13,6,NRT
LAX,summer,6453,business,27,16,NRT
SIN,autumn,2176,family,10,18,CDG
SIN,winter,5293,leisure,6,3,NRT
DXB,spring,1741,family,17,16,SIN
BOM,autumn,443,business,5,1,BOM
LAX,winter,7494,family,7,8,NRT
NRT,winter,2616,leisure,11,14,CDG
BOM,summer,7919,business,21,4,NRT
SIN,winter,1693,business,25,14,SIN
SIN,summer,453,leisure,26,1,DXB
LHR,autumn,4536,family,12,7,LHR
LAX,winter,6851,family,15,2,NRT
FRA,summer,7594,business,9,19,NRT
SIN,summer,2242,family,2,1,CDG
SYD,winter,3366,leisure,24,13,LHR
NRT,winter,6264,business,9,15,NRT
CDG,winter,5217,family,20,10,NRT
LHR,spring,2079,business,28,6,CDG
LAX,autumn,5644,business,16,3,NRT
NRT,summer,2972,business,29,3,CDG
BOM,autumn,892,family,2,16,BOM
FRA,summer,1715,leisure,25,6,SIN
CDG,spring,3266,family,20,13,LHR
JFK,autumn,5981,business,2,2,NRT
NRT,spring,4383,business,20,2,LHR
NRT,spring,5504,business,6,18,NRT
DXB,autumn,7210,business,5,16,NRT
NRT,winter,7692,leisure,11,14,NRT
SYD,winter,1720,leisure,6,14,SIN
SIN,summer,214,family,26,2,DXB
JFK,summer,2414,leisure,8,19,CDG
DXB,autumn,3437,family,12,14,LHR
CDG,summer,461,business,25,7,DXB
JFK,summer,5850,business,8,7,NRT
DXB,spring,4888,business,24,19,LHR
NRT,winter,3905,business,6,11,LHR
NRT,winter,713,business,29,2,BOM
FRA,spring,6650,business,13,4,NRT
JFK,winter,3300,leisure,1,6,LHR
DXB,autumn,5856,family,19,2,NRT
LHR,summer,5866,leisure,13,11,NRT
CDG,spring,3116,business,5,15,LHR
JFK,winter,1140,leisure,26,14,SIN
FRA,summer,4827,family,17,3,LHR
FRA,spring,1430,leisure,13,14,SIN
SIN,spring,311,leisure,17,3,BOM
BOM,spring,657,business,23,3,BOM
FRA,spring,6567,family,27,14,NRT
BOM,winter,3599,family,18,16,LHR
SIN,summer,1320,business,21,17,SIN
LAX,summer,4232,business,14,13,LHR
JFK,spring,6455,business,4,2,NRT
SYD,autumn,5473,business,8,12,NRT
BOM,autumn,1713,family,27,14,SIN
SIN,autumn,2359,family,28,4,CDG
SIN,winter,5068,leisure,27,5,NRT
CDG,summer,643,leisure,17,4,DXB
SIN,winter,7805,family,9,3,NRT
LHR,autumn,7111,business,25,6,NRT
JFK,winter,7561,leisure,4,4,NRT
DXB,autumn,263,business,18,12,BOM
BOM,spring,872,leisure,7,16,BOM
LAX,spring,6993,leisure,21,16,NRT
DXB,summer,4685,business,18,15,LHR
NRT,winter,1208,leisure,12,12,SIN
CDG,autumn,1902,leisure,16,15,SIN
JFK,summer,7662,business,29,2,NRT
LHR,winter,1428,leisure,6,17,SIN
JFK,winter,1733,business,24,1,SIN
SIN,spring,4336,leisure,22,15,LHR
NRT,summer,2418,family,23,16,CDG
BOM,summer,3392,leisure,25,19,LHR
LAX,spring,1811,business,13,19,SIN
LAX,autumn,6022,family,3,5,NRT
NRT,autumn,5436,family,25,19,NRT
DXB,summer,5664,business,10,12,NRT
BOM,spring,2377,leisure,20,12,CDG
SYD,spring,1597,family,27,4,SIN
FRA,summer,7946,business,16,19,NRT
SYD,autumn,3576,business,7,12,LHR
SYD,spring,4082,leisure,3,8,LHR
FRA,spring,794,business,5,9,BOM
SIN,spring,2225,leisure,16,13,CDG
DXB,winter,6217,family,21,1,NRT
FRA,autumn,644,leisure,8,11,BOM
BOM,autumn,2042,family,27,6,CDG
LHR,summer,2004,leisure,21,10,CDG
JFK,winter,688,business,15,18,BOM
SYD,autumn,6595,business,7,2,NRT
CDG,autumn,5981,business,20,12,NRT
LHR,winter,1560,leisure,6,8,SIN
LHR,summer,6369,business,14,2,NRT
DXB,winter,2305,family,10,7,CDG
LAX,summer,5355,business,11,8,NRT
LHR,winter,1460,family,20,10,SIN
CDG,autumn,6846,family,5,6,NRT
NRT,winter,2059,family,28,9,CDG
SIN,winter,4007,leisure,23,11,LHR
SIN,summer,5994,leisure,27,19,NRT
LAX,summer,1002,leisure,6,18,SIN
SIN,autumn,724,business,14,16,BOM
NRT,autumn,6578,family,11,2,NRT
DXB,spring,5755,leisure,27,1,NRT
BOM,spring,436,family,16,14,BOM
FRA,autumn,3103,leisure,16,1,LHR
JFK,winter,3608,family,16,17,LHR
BOM,autumn,7764,business,4,12,NRT
SYD,summer,522,business,26,19,DXB
CDG,winter,2412,leisure,15,4,CDG
NRT,winter,3475,family,13,13,LHR
SIN,spring,1240,family,27,18,SIN
DXB,summer,3608,leisure,27,1,LHR
BOM,spring,4943,business,22,8,LHR
CDG,spring,4117,business,21,19,LHR
LHR,summer,1648,business,28,14,SIN
JFK,winter,7727,family,26,8,NRT
LAX,winter,4224,family,17,17,LHR
CDG,spring,6150,leisure,29,3,NRT
BOM,winter,2261,business,7,14,CDG
DXB,summer,5593,business,26,18,NRT
LAX,autumn,4775,leisure,27,14,LHR
LHR,summer,7069,business,14,7,NRT
SYD,summer,2007,business,16,4,CDG
BOM,spring,6500,family,11,13,NRT
CDG,autumn,7370,business,29,6,NRT
LAX,winter,3061,leisure,8,9,LHR
NRT,autumn,6011,family,13,18,NRT
CDG,winter,6491,leisure,19,10,NRT
NRT,spring,2925,business,21,18,CDG
LAX,summer,5203,leisure,15,8,NRT
SYD,autumn,6634,leisure,18,7,NRT
LAX,winter,3673,family,1,19,LHR
JFK,winter,4642,business,1,13,LHR
JFK,winter,6605,business,11,1,NRT
JFK,autumn,6396,business,6,3,NRT
BOM,autumn,3574,leisure,8,11,LHR
NRT,winter,4655,family,1,10,LHR
NRT,spring,3870,family,25,10,LHR
LHR,autumn,5262,family,24,2,NRT
FRA,spring,6328,business,19,14,NRT
LHR,autumn,4939,family,28,16,LHR
LHR,autumn,3354,business,22,13,LHR
NRT,autumn,7751,leisure,21,10,NRT
NRT,summer,3299,leisure,22,12,LHR
DXB,summer,1031,business,23,13,SIN
DXB,autumn,350,leisure,22,19,BOM
SIN,summer,5406,business,19,18,NRT
DXB,spring,5429,family,17,9,NRT
NRT,spring,5643,business,8,2,NRT
JFK,winter,4839,business,4,8,LHR
SYD,winter,1016,leisure,7,3,SIN
LAX,autumn,2769,leisure,5,5,CDG
NRT,summer,7619,business,16,17,NRT
SIN,winter,2030,business,29,2,CDG
JFK,winter,7331,leisure,10,2,NRT
LHR,summer,2792,family,21,2,CDG
LHR,autumn,6031,business,19,6,NRT
BOM,summer,7768,business,22,7,NRT
BOM,spring,938,business,14,4,BOM
DXB,summer,1885,leisure,6,5,SIN
FRA,winter,1258,leisure,11,11,SIN
DXB,winter,755,family,16,18,BOM
SYD,autumn,7681,business,24,3,NRT
CDG,autumn,2092,family,4,18,CDG
SYD,spring,1881,family,6,4,SIN
LHR,summer,2079,leisure,22,10,CDG
FRA,winter,4637,business,18,15,LHR
SIN,winter,3315,family,18,15,LHR
BOM,summer,2375,leisure,1,2,CDG
LHR,winter,4736,leisure,10,13,LHR
CDG,autumn,2028,leisure,14,13,CDG
FRA,autumn,7089,leisure,1,12,NRT
JFK,autumn,5387,leisure,26,15,NRT
LHR,summer,6352,business,24,13,NRT
DXB,winter,5192,leisure,27,18,NRT
NRT,summer,1091,family,14,1,SIN
NRT,summer,3004,family,17,8,LHR
BOM,spring,5715,business,27,7,NRT
NRT,winter,2891,leisure,2,7,CDG
FRA,winter,2187,leisure,19,16,CDG
FRA,spring,6288,family,9,15,NRT
LHR,spring,7193,family,11,17,NRT
SIN,spring,2005,leisure,21,12,CDG
NRT,autumn,4113,family,18,3,LHR
SIN,autumn,6273,business,3,15,NRT
JFK,summer,217,leisure,29,12,DXB
DXB,autumn,7425,business,19,14,NRT
JFK,autumn,951,family,24,5,BOM
LHR,spring,3169,leisure,19,6,LHR
SYD,autumn,6818,family,27,19,NRT
DXB,summer,3546,family,1,12,LHR
DXB,winter,6143,leisure,19,15,NRT
BOM,autumn,7701,leisure,22,1,NRT
SYD,summer,2181,business,23,9,CDG
SYD,autumn,4750,family,18,7,LHR
LAX,winter,1288,leisure,4,17,SIN
SYD,spring,5926,business,7,2,NRT
FRA,winter,3483,business,6,9,LHR
FRA,autumn,2674,business,24,4,CDG
FRA,spring,542,family,24,9,BOM
SIN,winter,2466,business,11,5,CDG
BOM,spring,1904,family,3,10,SIN
SYD,autumn,742,family,29,9,BOM
JFK,summer,801,business,14,9,DXB
NRT,spring,1081,family,6,1,SIN
LHR,autumn,7115,business,24,9,NRT
FRA,autumn,7239,leisure,26,6,NRT
LAX,spring,6833,family,22,7,NRT
CDG,autumn,3173,business,13,5,LHR
SYD,autumn,6938,family,1,17,NRT
LHR,summer,7206,business,17,6,NRT
LHR,autumn,4885,leisure,26,11,LHR
LAX,summer,2994,leisure,28,5,CDG
DXB,autumn,7614,business,20,8,NRT
SIN,summer,3182,family,4,11,LHR
LAX,summer,2421,family,14,14,CDG
NRT,summer,3575,leisure,23,13,LHR
SIN,autumn,3946,family,29,16,LHR
JFK,autumn,1284,family,5,5,SIN
CDG,winter,6297,business,25,14,NRT
DXB,winter,1484,family,20,13,SIN
DXB,winter,5209,family,5,14,NRT
LAX,autumn,1053,family,10,17,SIN
FRA,spring,4714,family,11,17,LHR
FRA,summer,2455,business,13,2,CDG
CDG,summer,3323,leisure,6,7,LHR
NRT,winter,5750,family,19,19,NRT
NRT,spring,6963,leisure,13,10,NRT
DXB,spring,7611,business,14,17,NRT
FRA,summer,980,business,5,13,DXB
DXB,spring,7221,leisure,7,18,NRT
NRT,spring,6838,leisure,12,1,NRT
LHR,spring,4828,family,19,17,LHR
CDG,summer,1896,business,23,14,SIN
BOM,autumn,3865,leisure,22,11,LHR
LAX,spring,7652,business,26,4,NRT
DXB,summer,1694,business,18,18,SIN
CDG,spring,4734,family,8,18,LHR
SIN,summer,7423,family,18,7,NRT
LAX,spring,5870,family,2,2,NRT
NRT,winter,575,business,10,13,BOM
JFK,autumn,6979,family,25,16,NRT
NRT,winter,493,leisure,4,18,BOM
SIN,summer,6393,family,2,12,NRT
NRT,autumn,2477,leisure,6,14,CDG
DXB,autumn,3111,business,29,2,LHR
LHR,summer,1916,leisure,15,4,SIN
SIN,summer,2971,business,27,10,CDG
SIN,spring,7822,family,27,8,NRT
SYD,spring,3305,leisure,7,9,LHR
DXB,spring,1862,family,4,15,SIN
NRT,winter,7489,leisure,18,3,NRT
CDG,summer,1652,family,6,7,SIN
LHR,summer,633,leisure,17,12,DXB
NRT,summer,1018,family,14,4,SIN
LAX,autumn,4415,leisure,24,5,LHR
LHR,summer,7706,business,9,11,NRT
SIN,winter,4426,leisure,24,2,LHR
CDG,winter,6861,business,18,16,NRT
FRA,winter,298,family,20,7,BOM
JFK,autumn,2584,leisure,11,18,CDG
SIN,spring,7147,family,24,6,NRT
LAX,autumn,631,business,26,14,BOM
LHR,spring,6641,business,11,1,NRT
NRT,winter,3626,family,3,2,LHR
DXB,spring,7271,family,28,14,NRT
SYD,winter,4799,leisure,7,16,LHR
SIN,winter,3118,business,8,12,LHR
DXB,summer,5810,family,14,7,NRT
SYD,autumn,4990,family,4,14,LHR
LAX,spring,7101,leisure,28,17,NRT
FRA,summer,7423,family,5,5,NRT
LHR,winter,5902,business,11,17,NRT
LAX,autumn,7340,leisure,29,19,NRT
CDG,summer,6580,family,18,18,NRT
SYD,winter,1241,family,7,10,SIN
LHR,winter,7299,leisure,13,6,NRT
DXB,winter,7144,family,16,6,NRT
NRT,autumn,6142,family,9,5,NRT
LAX,winter,1996,leisure,11,2,SIN
DXB,spring,4201,business,7,5,LHR
BOM,winter,6255,business,27,14,NRT
JFK,winter,7285,leisure,14,6,NRT
SYD,summer,280,business,5,8,DXB
JFK,spring,6830,family,11,1,NRT
SYD,spring,3678,business,2,11,LHR
DXB,autumn,6601,leisure,24,14,NRT
FRA,spring,231,leisure,4,7,BOM
CDG,autumn,6910,business,13,12,NRT
SYD,spring,6030,family,3,8,NRT
JFK,summer,342,family,20,18,DXB
BOM,winter,4375,leisure,1,3,LHR
FRA,winter,2517,business,25,1,CDG
BOM,summer,503,family,14,9,DXB
BOM,spring,3629,leisure,7,4,LHR
LAX,summer,5725,business,24,11,NRT
BOM,autumn,2865,business,21,9,CDG
LAX,winter,1118,business,15,2,SIN
DXB,autumn,7133,family,20,11,NRT
DXB,spring,3418,family,14,15,LHR
LHR,autumn,3080,leisure,9,14,LHR
LAX,summer,234,leisure,21,8,DXB
NRT,autumn,6644,leisure,23,19,NRT
SIN,summer,7197,family,7,5,NRT
CDG,winter,4263,family,5,10,LHR
FRA,spring,665,family,8,10,BOM
DXB,winter,5546,family,17,9,NRT
DXB,spring,2410,business,27,6,CDG
DXB,summer,5014,business,2,7,NRT
SYD,winter,3822,family,15,8,LHR
SYD,winter,6014,family,27,14,NRT
SYD,summer,7528,leisure,18,14,NRT
JFK,summer,1990,leisure,4,19,SIN
JFK,winter,7138,business,14,5,NRT
FRA,winter,6323,business,9,19,NRT
NRT,autumn,7948,leisure,21,3,NRT
SIN,spring,397,leisure,15,6,BOM
LHR,winter,5820,business,19,18,NRT
SYD,summer,7695,family,22,4,NRT
SYD,winter,5218,business,22,2,NRT
BOM,winter,5932,leisure,12,1,NRT
DXB,summer,6725,leisure,15,6,NRT
BOM,summer,5997,business,22,5,NRT
BOM,winter,5947,family,3,4,NRT
CDG,autumn,7210,business,14,12,NRT
CDG,summer,4367,business,29,14,LHR
SIN,winter,792,leisure,21,13,BOM
CDG,spring,7205,family,16,6,NRT
BOM,spring,6209,leisure,29,10,NRT
NRT,winter,1021,family,12,17,SIN
CDG,spring,5187,leisure,22,16,NRT
SYD,autumn,733,business,8,12,BOM
NRT,spring,4719,family,4,13,LHR
LAX,summer,4828,family,4,7,LHR
CDG,summer,1057,family,9,9,SIN
LHR,summer,565,leisure,17,10,DXB
SYD,spring,2076,family,25,17,CDG
SYD,autumn,4441,business,23,18,LHR
NRT,spring,4693,leisure,10,6,LHR
BOM,summer,1201,business,9,17,SIN
BOM,winter,369,family,27,2,BOM
NRT,winter,3631,family,19,13,LHR
LAX,summer,2685,business,24,2,CDG
DXB,spring,6870,business,21,11,NRT
BOM,winter,2506,business,24,11,CDG
CDG,summer,7974,business,17,16,NRT
DXB,spring,1982,family,14,1,SIN
JFK,autumn,6605,business,25,6,NRT
NRT,autumn,6296,family,7,6,NRT
NRT,spring,2244,leisure,13,6,CDG
CDG,summer,2508,leisure,2,5,CDG
NRT,spring,3045,leisure,3,10,LHR
LAX,winter,6895,leisure,23,8,NRT
CDG,spring,2346,leisure,9,11,CDG
NRT,winter,3062,business,12,10,LHR
LAX,spring,2357,business,21,1,CDG
SIN,summer,7337,family,27,17,NRT
LAX,spring,5932,leisure,11,15,NRT
SYD,summer,5078,leisure,16,5,NRT
BOM,summer,1478,family,2,19,SIN
BOM,summer,3177,business,5,4,LHR
DXB,summer,1626,business,6,14,SIN
SYD,winter,6008,leisure,11,3,NRT
LAX,autumn,5839,family,17,5,NRT
BOM,autumn,6485,family,11,9,NRT
BOM,spring,7872,leisure,16,4,NRT
LHR,winter,4728,business,7,1,LHR
BOM,spring,6739,leisure,3,13,NRT
CDG,summer,488,business,22,5,DXB
LAX,summer,5608,family,28,18,NRT
NRT,spring,924,business,8,18,BOM
LHR,summer,2237,business,6,13,CDG
JFK,spring,3321,leisure,3,19,LHR
NRT,spring,7234,leisure,20,4,NRT
LAX,autumn,1662,business,29,11,SIN
LHR,spring,1238,leisure,4,3,SIN
CDG,summer,1535,leisure,14,11,SIN
DXB,spring,4281,family,11,14,LHR
SYD,autumn,922,business,15,15,BOM
LAX,autumn,5095,business,19,11,NRT
LHR,summer,3157,leisure,4,9,LHR
SYD,summer,7334,leisure,15,19,NRT
BOM,summer,6363,business,2,5,NRT
SYD,winter,1577,leisure,6,9,SIN
LAX,winter,1179,business,19,2,SIN
LHR,summer,5969,business,14,3,NRT
BOM,winter,1678,family,12,8,SIN
BOM,summer,2826,business,10,13,CDG
NRT,summer,2142,business,13,6,CDG
LHR,spring,7633,business,11,17,NRT
LAX,summer,6058,leisure,21,14,NRT
CDG,winter,1304,family,20,4,SIN
DXB,winter,6172,family,22,3,NRT
LAX,winter,639,business,12,2,BOM
CDG,spring,5221,business,4,5,NRT
SYD,spring,4938,business,6,14,LHR
SYD,autumn,2121,leisure,10,9,CDG
JFK,autumn,1760,business,6,1,SIN
DXB,spring,7436,family,27,17,NRT
CDG,spring,5070,business,15,14,NRT
JFK,summer,3784,family,6,1,LHR
NRT,summer,7911,family,10,13,NRT
BOM,summer,4136,business,16,15,LHR
NRT,summer,7660,family,29,17,NRT
SYD,autumn,4243,leisure,22,14,LHR
CDG,summer,6154,leisure,15,15,NRT
JFK,summer,5210,leisure,6,8,NRT
LAX,winter,6077,family,2,8,NRT
LHR,autumn,7685,leisure,3,15,NRT
LAX,winter,6712,leisure,13,16,NRT
JFK,spring,3423,business,2,9,LHR
BOM,summer,5726,family,20,3,NRT
FRA,autumn,6279,leisure,15,1,NRT
SYD,winter,926,leisure,22,5,BOM
DXB,winter,956,business,2,5,BOM
CDG,autumn,7853,leisure,10,17,NRT
FRA,winter,5263,business,28,3,NRT
NRT,summer,7071,family,7,2,NRT
SYD,spring,2878,business,11,7,CDG
SYD,autumn,2104,family,28,3,CDG
JFK,winter,4881,family,4,16,LHR
FRA,autumn,6347,leisure,22,9,NRT
NRT,autumn,1556,leisure,27,9,SIN
LAX,spring,4579,business,17,7,LHR
BOM,autumn,3551,leisure,2,5,LHR
CDG,spring,3388,leisure,8,14,LHR
SYD,summer,647,family,23,17,DXB
FRA,winter,4167,leisure,20,3,LHR
DXB,winter,3559,family,22,5,LHR
JFK,summer,1113,business,3,3,SIN
NRT,spring,4941,business,8,18,LHR
FRA,summer,1060,business,11,17,SIN
FRA,summer,2742,family,23,12,CDG
SYD,autumn,6754,leisure,9,10,NRT
FRA,spring,3186,family,21,3,LHR
JFK,autumn,7202,family,2,3,NRT
LHR,winter,3562,family,19,4,LHR
JFK,autumn,7536,leisure,22,11,NRT
CDG,winter,7624,family,1,19,NRT
JFK,spring,5899,business,18,3,NRT
BOM,summer,2471,leisure,1,19,CDG
JFK,autumn,3383,business,29,3,LHR
FRA,spring,5158,family,16,5,NRT
JFK,spring,6348,family,12,8,NRT
FRA,winter,2296,leisure,26,2,CDG
FRA,autumn,4977,leisure,19,9,LHR
SYD,summer,1034,leisure,8,8,SIN
JFK,summer,1401,family,20,8,SIN
BOM,autumn,4820,family,11,11,LHR
CDG,spring,3972,leisure,12,6,LHR
FRA,autumn,1501,leisure,23,12,SIN
BOM,spring,1015,leisure,25,5,SIN
DXB,spring,7324,business,14,13,NRT
SIN,autumn,5850,family,27,19,NRT
CDG,winter,7190,family,21,17,NRT
LAX,autumn,758,family,4,5,BOM
BOM,spring,407,family,15,1,BOM
JFK,summer,4733,leisure,9,5,LHR
FRA,summer,6925,leisure,26,18,NRT
DXB,summer,4061,family,5,13,LHR
DXB,autumn,7448,family,25,7,NRT
LAX,autumn,7347,family,26,6,NRT
FRA,summer,2804,family,20,15,CDG
FRA,spring,2188,business,10,4,CDG
NRT,winter,975,family,10,19,BOM
SYD,winter,7488,family,25,2,NRT
CDG,autumn,3112,family,10,14,LHR
CDG,summer,6966,leisure,13,10,NRT
SIN,spring,7038,leisure,7,11,NRT
LAX,autumn,7482,leisure,27,12,NRT
LHR,spring,4681,family,14,19,LHR
SYD,summer,4762,family,9,9,LHR
SYD,summer,1920,leisure,20,17,SIN
SIN,spring,5948,leisure,26,15,NRT
LHR,spring,1932,leisure,13,7,SIN
SYD,spring,5005,leisure,7,10,NRT
JFK,spring,7228,business,3,18,NRT
BOM,winter,2795,family,10,8,CDG
NRT,winter,1051,family,27,17,SIN
LHR,spring,7025,leisure,3,16,NRT
LAX,summer,7966,family,16,18,NRT
SYD,autumn,3593,family,26,9,LHR
BOM,winter,3271,leisure,10,6,LHR
SIN,spring,4892,family,19,5,LHR
FRA,spring,6910,business,19,8,NRT
LAX,summer,4057,leisure,10,14,LHR
BOM,autumn,7185,leisure,29,7,NRT
SIN,winter,4260,leisure,20,11,LHR
NRT,winter,6824,family,10,3,NRT
SYD,summer,4752,family,10,15,LHR
CDG,winter,6622,business,12,19,NRT
BOM,summer,6171,family,18,12,NRT
JFK,autumn,2283,family,22,4,CDG
DXB,summer,6834,business,9,8,NRT
DXB,spring,4122,family,23,3,LHR
SYD,autumn,1661,family,28,5,SIN
DXB,winter,208,leisure,5,16,BOM
SYD,autumn,5427,family,2,11,NRT
FRA,summer,5807,business,26,14,NRT
FRA,winter,6065,business,29,10,NRT
DXB,spring,3830,leisure,21,15,LHR
LHR,autumn,936,business,15,4,BOM
SYD,autumn,1675,family,13,18,SIN
BOM,summer,5527,leisure,25,18,NRT
JFK,spring,4375,leisure,17,9,LHR
DXB,autumn,6731,family,26,1,NRT
LAX,summer,503,leisure,22,9,DXB
LAX,spring,6236,business,20,12,NRT
FRA,autumn,3503,business,22,3,LHR
SYD,summer,6054,business,20,17,NRT
CDG,autumn,3834,leisure,15,18,LHR
SIN,winter,5408,family,27,2,NRT
SIN,winter,5016,business,3,12,NRT
BOM,spring,3281,business,2,16,LHR
SYD,autumn,6443,family,13,19,NRT
LAX,spring,3198,business,27,13,LHR
CDG,winter,1550,leisure,11,13,SIN
SYD,winter,7126,leisure,9,17,NRT
CDG,autumn,2386,family,13,11,CDG
JFK,summer,4585,leisure,2,3,LHR
LAX,spring,209,leisure,21,10,BOM
SIN,winter,7691,leisure,7,16,NRT
LHR,spring,5711,family,7,19,NRT
DXB,spring,6616,leisure,18,17,NRT
NRT,autumn,2616,leisure,2,4,CDG
SIN,winter,7332,business,17,1,NRT
SIN,summer,7014,business,27,16,NRT
DXB,autumn,1512,family,8,5,SIN
LHR,summer,2496,business,2,15,CDG
LHR,spring,7098,leisure,26,2,NRT
FRA,summer,5765,business,26,9,NRT
DXB,summer,4557,family,18,14,LHR
CDG,spring,1411,family,13,10,SIN
LAX,spring,2231,leisure,16,4,CDG
SYD,winter,4444,leisure,29,18,LHR
DXB,autumn,528,family,25,15,BOM
DXB,autumn,964,family,7,3,BOM
SIN,autumn,3844,family,20,13,LHR
SYD,winter,2049,business,11,14,CDG
SIN,summer,472,business,14,18,DXB
JFK,spring,3503,business,23,3,LHR
LHR,winter,4431,leisure,10,18,LHR
CDG,winter,4746,leisure,8,4,LHR
SIN,summer,4931,family,4,11,LHR
SYD,autumn,6479,family,22,5,NRT
BOM,spring,7456,leisure,4,16,NRT
JFK,summer,7073,leisure,4,3,NRT
NRT,winter,4904,business,10,16,LHR
LAX,summer,3657,leisure,16,10,LHR
FRA,spring,6953,leisure,19,17,NRT
CDG,summer,5418,leisure,24,8,NRT
NRT,autumn,1294,leisure,27,9,SIN
JFK,spring,7457,leisure,10,15,NRT
NRT,autumn,1308,leisure,1,10,SIN
CDG,spring,5994,business,17,19,NRT
NRT,winter,3525,business,12,12,LHR
LAX,winter,2860,business,18,2,CDG
BOM,summer,3511,family,14,6,LHR
SYD,autumn,658,business,17,4,BOM
SYD,autumn,6798,family,21,9,NRT
CDG,summer,3947,leisure,24,3,LHR
JFK,summer,2366,business,24,7,CDG
NRT,spring,1045,leisure,27,4,SIN
CDG,spring,3146,leisure,13,11,LHR
CDG,spring,6374,leisure,14,3,NRT
JFK,winter,6676,leisure,24,7,NRT
JFK,winter,7121,business,21,8,NRT
FRA,summer,3577,leisure,17,2,LHR
DXB,summer,1858,leisure,19,5,SIN
SIN,spring,6010,leisure,8,2,NRT
LHR,winter,7519,family,7,9,NRT
SIN,winter,5820,leisure,29,17,NRT
SIN,winter,4459,business,3,1,LHR
LAX,autumn,7083,leisure,5,5,NRT
BOM,spring,3413,leisure,16,5,LHR
LHR,summer,7302,leisure,27,16,NRT
SYD,summer,2493,leisure,26,6,CDG
CDG,autumn,5678,family,6,11,NRT
SYD,spring,4514,family,14,3,LHR
SYD,summer,4456,business,9,17,LHR
SYD,summer,2685,family,10,14,CDG
JFK,autumn,5101,leisure,27,4,NRT
FRA,summer,2954,leisure,1,2,CDG
SIN,spring,3682,business,25,16,LHR
BOM,winter,4395,business,22,18,LHR
SYD,spring,3303,business,20,9,LHR
LAX,autumn,5462,family,18,9,NRT
BOM,spring,7741,family,13,19,NRT
DXB,winter,7320,leisure,16,2,NRT
FRA,winter,6865,business,25,14,NRT
LAX,spring,5555,business,5,10,NRT
BOM,spring,5152,leisure,22,13,NRT
LHR,summer,1135,leisure,18,3,SIN
SIN,winter,5831,leisure,4,16,NRT
DXB,spring,7540,family,1,13,NRT
JFK,spring,5110,family,28,3,NRT
NRT,autumn,517,business,8,5,BOM
LHR,autumn,3793,leisure,15,7,LHR
DXB,summer,7556,leisure,6,10,NRT
LAX,spring,2040,family,12,6,CDG
JFK,spring,4549,business,8,9,LHR
DXB,spring,4119,business,19,11,LHR
CDG,summer,7052,leisure,4,6,NRT
SIN,spring,3375,family,7,15,LHR
SIN,autumn,5505,business,6,10,NRT
DXB,winter,898,leisure,15,6,BOM
DXB,winter,3109,leisure,21,9,LHR
FRA,winter,7143,leisure,4,19,NRT
JFK,winter,7875,family,27,8,NRT
BOM,summer,6489,leisure,18,1,NRT
FRA,autumn,260,family,8,19,BOM
SIN,autumn,7443,family,24,10,NRT
LHR,spring,546,leisure,23,5,BOM
NRT,winter,1332,leisure,17,7,SIN
BOM,spring,2659,leisure,15,5,CDG
LAX,winter,7131,family,26,7,NRT
NRT,spring,871,family,11,11,BOM
JFK,winter,3325,leisure,15,12,LHR
CDG,summer,6046,leisure,16,13,NRT
CDG,autumn,5066,family,21,5,NRT
NRT,autumn,5450,leisure,25,19,NRT
FRA,winter,3738,leisure,29,7,LHR
DXB,summer,6321,family,10,4,NRT
SIN,autumn,6318,business,1,3,NRT
SIN,autumn,2968,business,13,19,CDG
SIN,spring,1895,leisure,6,16,SIN
CDG,spring,4774,family,25,5,LHR
SIN,spring,4661,family,10,10,LHR
DXB,spring,1152,family,21,9,SIN
SYD,spring,832,leisure,16,1,BOM
CDG,autumn,7850,leisure,7,19,NRT
BOM,summer,3864,leisure,6,6,LHR
CDG,autumn,2498,leisure,25,2,CDG
JFK,summer,727,family,1,19,DXB
DXB,winter,2991,family,13,8,CDG
SIN,autumn,919,leisure,10,6,BOM
NRT,winter,6685,family,27,5,NRT
LAX,summer,7524,business,17,6,NRT
SYD,spring,2194,family,21,10,CDG
SYD,summer,7249,leisure,29,5,NRT
DXB,autumn,4344,family,24,12,LHR
LHR,autumn,2986,business,14,10,CDG
FRA,summer,908,business,5,1,DXB
CDG,summer,4166,leisure,11,16,LHR
JFK,summer,1715,family,4,11,SIN
SYD,summer,7127,business,14,1,NRT
SYD,autumn,2382,leisure,5,16,CDG
FRA,winter,5728,family,8,3,NRT
SIN,spring,4649,business,3,9,LHR
LHR,spring,698,business,4,3,BOM
JFK,winter,863,family,11,1,BOM
LAX,spring,7354,leisure,5,16,NRT
SYD,summer,7291,family,9,16,NRT
CDG,summer,2553,leisure,21,12,CDG
NRT,summer,5450,leisure,15,17,NRT
LHR,summer,5130,family,15,10,NRT
SIN,autumn,1258,leisure,7,19,SIN
NRT,summer,6123,leisure,6,10,NRT
BOM,autumn,1728,family,27,16,SIN
DXB,autumn,3763,business,21,17,LHR
LAX,winter,4029,business,2,10,LHR
NRT,summer,5051,business,11,9,NRT
BOM,spring,6940,leisure,6,6,NRT
LHR,autumn,4918,family,27,14,LHR
LAX,spring,2554,business,8,5,CDG
NRT,spring,7109,leisure,13,7,NRT
NRT,autumn,7144,leisure,24,7,NRT
CDG,winter,4222,family,19,15,LHR
NRT,winter,4446,leisure,3,13,LHR
SIN,autumn,4716,leisure,3,6,LHR
FRA,winter,2842,leisure,5,10,CDG
CDG,autumn,3229,leisure,21,14,LHR
FRA,summer,3450,business,21,11,LHR
LHR,summer,5587,business,24,5,NRT
NRT,spring,7081,family,6,15,NRT
NRT,winter,5236,leisure,23,8,NRT
LAX,autumn,309,family,15,12,BOM
FRA,summer,662,leisure,29,10,DXB
CDG,spring,1043,family,28,13,SIN
CDG,autumn,6901,family,1,9,NRT
JFK,winter,660,family,15,14,BOM
BOM,autumn,5754,leisure,23,17,NRT
CDG,autumn,6507,leisure,29,3,NRT
NRT,autumn,2240,family,27,15,CDG
CDG,spring,3039,family,6,2,LHR
BOM,summer,5829,family,16,14,NRT
LAX,spring,7226,leisure,23,17,NRT
CDG,winter,2397,business,27,7,CDG
FRA,summer,556,family,18,18,DXB
LHR,autumn,4116,business,5,1,LHR
LHR,spring,1554,leisure,1,17,SIN
JFK,spring,1927,business,20,11,SIN
FRA,winter,3576,business,17,19,LHR
SYD,spring,3942,business,26,7,LHR
SYD,summer,6463,family,16,13,NRT
JFK,autumn,5037,leisure,8,4,NRT
CDG,autumn,6450,business,25,2,NRT
NRT,autumn,2178,leisure,7,12,CDG
NRT,summer,5995,leisure,29,3,NRT
FRA,autumn,1050,family,6,1,SIN
BOM,spring,3369,family,2,3,LHR
BOM,winter,2976,family,23,13,CDG
BOM,winter,386,business,6,15,BOM
SIN,autumn,2846,leisure,3,17,CDG
JFK,winter,3729,family,13,18,LHR
SIN,spring,600,leisure,29,2,BOM
SYD,winter,3362,business,26,12,LHR
BOM,winter,1166,leisure,22,19,SIN
BOM,summer,5283,family,28,13,NRT
DXB,spring,4670,leisure,13,7,LHR
LHR,summer,3896,family,5,12,LHR
CDG,spring,5378,leisure,4,15,NRT
JFK,summer,2901,family,17,3,CDG
DXB,summer,5334,business,22,10,NRT
CDG,summer,5152,business,18,7,NRT
SIN,spring,7435,business,28,14,NRT
LAX,winter,608,business,9,1,BOM
LAX,spring,5397,business,28,11,NRT
LAX,spring,2161,leisure,16,4,CDG
BOM,summer,2996,leisure,5,11,CDG
LAX,spring,7091,business,9,17,NRT
SIN,winter,5968,business,25,18,NRT
LHR,summer,2520,business,29,6,CDG
DXB,winter,1382,leisure,19,4,SIN
NRT,autumn,7385,leisure,11,18,NRT
LAX,spring,7638,business,26,15,NRT
FRA,summer,5736,business,19,19,NRT
BOM,autumn,3605,family,12,11,LHR
LAX,spring,1344,business,13,4,SIN
NRT,spring,1005,leisure,4,10,SIN
DXB,autumn,7053,leisure,1,9,NRT
NRT,spring,6497,business,7,7,NRT
DXB,autumn,2215,business,2,19,CDG
SIN,summer,3839,leisure,4,12,LHR
BOM,spring,4442,family,19,18,LHR
LAX,summer,606,family,5,17,DXB
SYD,winter,4676,leisure,11,2,LHR
JFK,summer,1913,family,15,19,SIN
JFK,winter,3297,leisure,13,5,LHR
CDG,summer,1841,family,19,4,SIN
CDG,summer,1938,business,27,2,SIN
CDG,summer,3860,leisure,2,11,LHR
SIN,summer,7836,business,28,1,NRT
JFK,winter,5496,family,29,16,NRT
LHR,summer,7025,family,27,2,NRT
LAX,autumn,5982,leisure,19,3,NRT
LHR,summer,4138,leisure,8,10,LHR
FRA,summer,1829,business,6,14,SIN
FRA,spring,7935,leisure,22,8,NRT
NRT,summer,4730,family,11,5,LHR
FRA,spring,2798,family,16,7,CDG
CDG,autumn,1238,leisure,17,2,SIN
BOM,spring,5002,business,16,14,NRT
CDG,summer,1807,business,1,10,SIN
NRT,summer,6129,business,27,19,NRT
DXB,autumn,5179,leisure,15,10,NRT
SYD,summer,2295,business,22,8,CDG
CDG,winter,2934,business,7,8,CDG
DXB,winter,2805,family,9,14,CDG
BOM,spring,753,business,4,5,BOM
DXB,spring,2541,leisure,18,15,CDG
LAX,winter,2424,family,8,12,CDG
SYD,summer,829,leisure,12,11,DXB
BOM,winter,654,family,27,13,BOM
DXB,spring,6174,leisure,6,12,NRT
LHR,autumn,6848,family,28,19,NRT
FRA,autumn,3837,leisure,4,10,LHR
FRA,summer,2552,leisure,19,3,CDG
CDG,summer,1450,business,12,14,SIN
SIN,autumn,7002,leisure,3,17,NRT
DXB,autumn,5308,family,29,18,NRT
SIN,summer,1482,leisure,12,6,SIN
FRA,summer,3346,family,26,11,LHR
SYD,spring,6960,business,22,7,NRT
BOM,summer,283,leisure,14,16,DXB
LHR,spring,1088,family,9,17,SIN
BOM,winter,5108,leisure,12,2,NRT
LAX,summer,6633,leisure,17,6,NRT
LHR,autumn,625,business,16,17,BOM
NRT,winter,4380,family,18,14,LHR
NRT,winter,2746,leisure,28,16,CDG
LAX,summer,5912,family,9,13,NRT
LAX,winter,7206,business,14,5,NRT
NRT,autumn,7550,leisure,22,18,NRT
LAX,autumn,5413,leisure,12,16,NRT
LAX,summer,3351,family,4,10,LHR
LHR,summer,2411,business,2,11,CDG
SYD,summer,2437,leisure,23,15,CDG
CDG,summer,6607,family,1,19,NRT
BOM,autumn,2655,leisure,1,9,CDG
SIN,summer,1312,business,17,6,SIN
JFK,spring,2000,family,19,5,SIN
LHR,autumn,3293,leisure,4,11,LHR
NRT,spring,1472,business,23,8,SIN
CDG,summer,878,business,12,10,DXB
JFK,autumn,3431,family,21,16,LHR
SYD,summer,3440,family,18,19,LHR
CDG,spring,2960,family,10,7,CDG
SIN,spring,6389,family,19,10,NRT
SIN,autumn,297,business,1,18,BOM
DXB,autumn,2266,leisure,28,5,CDG
DXB,winter,6492,family,1,2,NRT
DXB,winter,6855,family,1,8,NRT
LAX,summer,6191,family,15,7,NRT
LHR,summer,7234,leisure,27,14,NRT
LAX,winter,4450,business,26,18,LHR
SYD,spring,3874,business,19,18,LHR
CDG,winter,1309,family,17,5,SIN
LHR,winter,4940,business,1,14,LHR
FRA,summer,3794,business,27,10,LHR
CDG,autumn,880,business,20,16,BOM
LAX,summer,7274,family,11,18,NRT
DXB,autumn,1563,family,26,15,SIN
NRT,spring,3397,leisure,23,9,LHR
DXB,winter,3403,business,13,16,LHR
LHR,spring,7518,family,18,10,NRT
LHR,winter,4504,business,10,14,LHR
SYD,spring,7883,leisure,5,1,NRT
CDG,autumn,631,business,13,8,BOM
BOM,winter,6371,family,13,5,NRT
DXB,winter,593,leisure,10,13,BOM
CDG,spring,2770,family,27,1,CDG
FRA,autumn,6798,business,10,7,NRT
LHR,spring,328,family,22,7,BOM
LAX,autumn,5309,business,14,1,NRT
LAX,spring,1385,business,3,16,SIN
BOM,summer,3368,leisure,6,5,LHR
SYD,autumn,3817,leisure,27,13,LHR
BOM,summer,2303,business,8,2,CDG
FRA,spring,4357,leisure,27,19,LHR
LHR,autumn,3527,family,12,8,LHR
FRA,spring,3096,leisure,16,11,LHR
JFK,winter,1840,business,25,3,SIN
LHR,summer,4843,business,1,19,LHR
FRA,autumn,7516,family,12,8,NRT
SIN,summer,3043,family,16,8,LHR
BOM,spring,3159,business,12,19,LHR
FRA,spring,3735,business,4,4,LHR
SYD,autumn,6465,business,21,4,NRT
SIN,summer,7878,business,22,1,NRT
CDG,winter,7810,family,16,14,NRT
DXB,autumn,6850,business,25,7,NRT
JFK,winter,5441,family,18,16,NRT
CDG,summer,6499,family,11,19,NRT
NRT,autumn,6322,family,12,12,NRT
LHR,spring,5235,leisure,8,8,NRT
LAX,spring,7140,leisure,22,5,NRT
NRT,summer,5065,business,16,12,NRT
NRT,winter,7491,business,8,4,NRT
BOM,summer,4183,leisure,17,14,LHR
DXB,summer,4472,family,20,19,LHR
SYD,autumn,5914,business,2,12,NRT
LHR,autumn,1328,family,2,10,SIN
SYD,summer,254,leisure,27,16,DXB
NRT,winter,7074,family,6,15,NRT
SIN,summer,6318,business,22,11,NRT
NRT,summer,457,business,3,11,DXB
NRT,summer,3097,leisure,21,16,LHR
SYD,spring,5022,business,6,1,NRT
LHR,summer,851,business,8,5,DXB
JFK,spring,4737,leisure,28,8,LHR
SIN,winter,6369,business,27,12,NRT
JFK,winter,6649,leisure,21,13,NRT
NRT,winter,7357,leisure,7,9,NRT
SYD,summer,1253,family,11,11,SIN
DXB,spring,1365,business,17,12,SIN
DXB,summer,2262,business,3,16,CDG
SYD,winter,3464,leisure,17,10,LHR
LHR,autumn,2008,leisure,7,6,CDG
SIN,autumn,6159,business,16,8,NRT
CDG,summer,2854,leisure,5,1,CDG
FRA,autumn,1569,business,5,14,SIN
LAX,winter,3322,family,11,14,LHR
SYD,spring,6041,business,22,14,NRT
BOM,autumn,1338,leisure,1,17,SIN
JFK,spring,5845,leisure,24,15,NRT
FRA,autumn,915,leisure,6,16,BOM
LAX,summer,2172,business,13,17,CDG
LAX,spring,7672,business,9,10,NRT
NRT,winter,4216,leisure,23,16,LHR
SYD,winter,4091,leisure,21,16,LHR
BOM,winter,3573,business,23,14,LHR
FRA,autumn,2573,leisure,2,9,CDG
BOM,winter,1662,family,28,17,SIN
CDG,winter,6971,leisure,8,9,NRT
JFK,autumn,6138,business,21,19,NRT
DXB,spring,2360,family,14,12,CDG
DXB,summer,3292,business,4,9,LHR
JFK,winter,705,business,5,18,BOM
LHR,winter,2845,business,4,2,CDG
LHR,winter,3737,family,6,5,LHR
JFK,summer,468,family,26,2,DXB
SYD,summer,3438,business,3,2,LHR
FRA,summer,6473,family,7,2,NRT
SYD,spring,5023,leisure,11,19,NRT
JFK,autumn,2216,leisure,8,13,CDG
JFK,winter,6684,family,5,12,NRT
NRT,autumn,1890,leisure,11,13,SIN
DXB,autumn,3115,family,23,13,LHR
SYD,winter,2990,leisure,29,4,CDG
SIN,winter,3866,business,22,15,LHR
LAX,autumn,2630,business,13,1,CDG
SYD,spring,7256,leisure,27,8,NRT
NRT,winter,3827,family,17,13,LHR
LHR,winter,5915,business,11,3,NRT
SYD,winter,4064,family,29,15,LHR
CDG,summer,3223,leisure,20,13,LHR
FRA,autumn,6437,leisure,14,15,NRT
CDG,spring,1897,business,13,12,SIN
SYD,spring,576,business,23,17,BOM
SIN,winter,1262,family,12,15,SIN
JFK,winter,2485,family,4,8,CDG
LHR,summer,3386,business,1,8,LHR
LAX,winter,4380,business,15,19,LHR
NRT,winter,6228,leisure,8,7,NRT
LHR,autumn,7880,family,27,9,NRT
CDG,autumn,5457,leisure,27,2,NRT
NRT,summer,402,business,6,15,DXB
DXB,spring,5895,leisure,26,10,NRT
NRT,winter,1452,business,14,14,SIN
SYD,winter,6704,business,7,14,NRT
LAX,spring,1896,family,12,15,SIN
JFK,summer,7897,family,14,2,NRT
CDG,autumn,4473,leisure,12,3,LHR
SIN,winter,6306,business,17,17,NRT
SYD,spring,7710,family,9,11,NRT
JFK,spring,5809,business,27,9,NRT
NRT,summer,6381,business,19,17,NRT
SYD,winter,581,family,6,13,BOM
SIN,autumn,5734,business,8,19,NRT
BOM,spring,7185,family,28,10,NRT
DXB,summer,2209,family,18,12,CDG
CDG,spring,5270,business,1,6,NRT
JFK,autumn,7993,family,6,13,NRT
BOM,autumn,579,family,29,1,BOM
JFK,spring,6554,leisure,22,3,NRT
JFK,winter,881,family,9,19,BOM
SIN,spring,307,family,29,18,BOM
FRA,spring,6638,family,21,5,NRT
NRT,summer,2361,business,19,3,CDG
LHR,autumn,3919,leisure,21,6,LHR
BOM,spring,272,leisure,16,4,BOM
SYD,winter,7065,family,15,8,NRT
BOM,spring,2885,leisure,23,18,CDG
BOM,winter,6661,family,2,10,NRT
FRA,winter,1396,family,27,18,SIN
JFK,autumn,3873,family,8,12,LHR
SIN,winter,4619,leisure,27,2,LHR
LAX,spring,7298,leisure,29,1,NRT
FRA,spring,3385,family,4,18,LHR
SIN,summer,1013,leisure,18,7,SIN
LHR,winter,506,leisure,23,2,BOM
CDG,autumn,558,family,11,5,BOM
LAX,winter,7893,family,22,10,NRT
FRA,summer,6439,business,13,10,NRT
DXB,summer,364,family,16,4,DXB
LHR,summer,5680,family,7,3,NRT
JFK,winter,6584,business,23,6,NRT
FRA,autumn,7587,family,4,10,NRT
CDG,summer,6340,leisure,6,16,NRT
BOM,summer,2022,leisure,1,2,CDG
BOM,winter,3175,leisure,28,10,LHR
SYD,summer,5737,leisure,17,9,NRT
LAX,autumn,7325,business,27,15,NRT
LAX,summer,746,leisure,28,5,DXB
BOM,summer,7038,business,18,6,NRT
LHR,autumn,3476,business,13,5,LHR
SIN,autumn,3920,family,16,13,LHR
SYD,winter,3459,family,21,12,LHR
DXB,spring,4014,leisure,23,13,LHR
CDG,autumn,5438,business,8,18,NRT
CDG,winter,1435,business,15,14,SIN
CDG,autumn,2957,business,17,6,CDG
SIN,summer,4699,family,13,5,LHR
FRA,spring,6751,leisure,27,5,NRT
CDG,summer,6520,family,8,2,NRT
JFK,spring,3677,family,15,17,LHR
LHR,spring,2874,leisure,11,19,CDG
DXB,autumn,6943,leisure,10,12,NRT
JFK,winter,2910,business,1,4,CDG
SIN,summer,7900,business,26,18,NRT
JFK,autumn,6551,family,24,18,NRT
SYD,summer,5182,leisure,17,6,NRT
LHR,winter,4258,leisure,14,10,LHR
LHR,summer,1696,business,15,4,SIN
CDG,summer,1332,family,7,9,SIN
SYD,spring,6442,business,28,2,NRT
BOM,winter,4288,family,2,15,LHR
LAX,autumn,6526,leisure,18,19,NRT
NRT,summer,7971,business,12,6,NRT
BOM,summer,3167,business,15,14,LHR
CDG,autumn,745,family,18,16,BOM
SYD,winter,1617,business,6,17,SIN
DXB,spring,1194,family,28,19,SIN
CDG,winter,1951,leisure,19,8,SIN
BOM,spring,3925,family,2,2,LHR
NRT,autumn,2857,leisure,20,6,CDG
LAX,autumn,684,family,28,2,BOM
JFK,spring,7095,family,8,5,NRT
JFK,winter,6515,business,18,17,NRT
FRA,spring,2926,family,26,15,CDG
SYD,winter,5925,leisure,15,4,NRT
LAX,winter,2545,family,5,9,CDG
CDG,winter,2353,business,17,7,CDG
CDG,summer,1269,family,13,5,SIN
LHR,spring,2408,family,9,13,CDG
FRA,spring,7820,family,9,1,NRT
JFK,spring,5971,family,22,4,NRT
NRT,summer,2744,business,6,6,CDG
LHR,spring,727,family,24,5,BOM
CDG,autumn,1790,business,20,14,SIN
BOM,winter,643,family,5,11,BOM
CDG,summer,7838,leisure,10,17,NRT
SIN,spring,4248,leisure,10,1,LHR
SYD,autumn,7432,leisure,5,10,NRT
FRA,summer,241,family,27,10,DXB
NRT,winter,2829,leisure,1,13,CDG
JFK,summer,2467,business,4,2,CDG
LAX,spring,4300,leisure,3,2,LHR
CDG,winter,6768,family,23,9,NRT
CDG,summer,1232,business,4,1,SIN
JFK,winter,3976,family,8,18,LHR
NRT,autumn,2295,family,19,3,CDG
LHR,spring,3722,leisure,15,4,LHR
LAX,summer,4069,leisure,16,2,LHR
LHR,spring,6064,family,16,3,NRT
SIN,spring,4928,family,12,18,LHR
BOM,summer,7836,business,15,19,NRT
LAX,autumn,1392,leisure,13,10,SIN
FRA,spring,2693,leisure,26,11,CDG
NRT,spring,3015,business,2,16,LHR
FRA,summer,4056,leisure,20,5,LHR
BOM,summer,1419,family,14,12,SIN
JFK,spring,3112,leisure,25,12,LHR
LAX,spring,2102,business,7,16,CDG
SYD,winter,2816,leisure,16,14,CDG
CDG,summer,4527,business,3,12,LHR
LHR,spring,3749,family,20,19,LHR
FRA,winter,1396,leisure,27,13,SIN
LAX,summer,7907,leisure,19,5,NRT
LAX,winter,2624,family,15,13,CDG
NRT,autumn,7391,business,4,6,NRT
LHR,winter,512,family,1,6,BOM
JFK,winter,945,leisure,1,17,BOM
NRT,summer,1438,leisure,22,1,SIN
SIN,winter,5528,family,26,6,NRT
LHR,autumn,3186,family,23,10,LHR
FRA,autumn,306,business,16,13,BOM
CDG,winter,4359,leisure,9,11,LHR
DXB,winter,2859,family,1,9,CDG
CDG,summer,4200,leisure,24,18,LHR
LAX,summer,2601,family,9,17,CDG
DXB,autumn,4393,leisure,26,5,LHR
CDG,winter,7267,business,13,16,NRT
SYD,winter,2825,business,22,2,CDG
SIN,autumn,5654,family,20,13,NRT
SIN,autumn,5661,business,12,9,NRT
JFK,winter,870,business,16,4,BOM
BOM,autumn,6741,family,5,19,NRT
SYD,summer,4058,leisure,14,4,LHR
JFK,spring,5993,business,28,19,NRT
SYD,spring,6907,family,17,6,NRT
BOM,autumn,2470,business,1,9,CDG
FRA,autumn,3948,business,28,13,LHR
LHR,spring,6992,business,12,8,NRT
LAX,autumn,2204,business,1,7,CDG
LAX,autumn,770,leisure,5,19,BOM
FRA,summer,3197,leisure,13,18,LHR
SYD,spring,3559,business,5,11,LHR
NRT,autumn,2587,leisure,7,16,CDG
FRA,winter,3693,business,28,13,LHR
BOM,winter,7277,leisure,11,5,NRT
LAX,spring,5877,business,4,18,NRT
SYD,summer,2380,leisure,12,14,CDG
BOM,winter,7119,business,26,12,NRT
SYD,winter,1858,family,26,5,SIN
DXB,winter,7198,family,9,12,NRT
SYD,autumn,6617,business,24,1,NRT
CDG,autumn,1037,business,13,17,SIN
LAX,spring,5521,business,4,1,NRT
DXB,autumn,5138,business,14,17,NRT
DXB,autumn,2081,family,29,17,CDG
NRT,winter,3003,family,9,3,LHR
CDG,winter,705,family,26,3,BOM
CDG,summer,2569,family,8,4,CDG
CDG,winter,5560,family,17,3,NRT
DXB,spring,1352,business,27,9,SIN
SIN,summer,4805,leisure,27,6,LHR
CDG,spring,7401,business,13,8,NRT
LHR,spring,617,family,29,4,BOM
SYD,autumn,883,business,11,17,BOM
NRT,spring,6225,business,3,8,NRT
JFK,winter,4464,family,13,9,LHR
BOM,winter,4975,family,19,10,LHR
DXB,autumn,841,leisure,23,2,BOM
LHR,autumn,5386,business,23,4,NRT
FRA,autumn,5094,family,17,14,NRT
LAX,winter,6630,business,8,4,NRT
CDG,autumn,4094,business,24,15,LHR
NRT,winter,1692,family,29,1,SIN
FRA,autumn,3490,family,21,7,LHR
LAX,summer,1629,business,7,13,SIN
FRA,winter,4313,leisure,19,1,LHR
NRT,winter,6064,business,11,8,NRT
JFK,spring,6967,business,10,19,NRT
DXB,autumn,7606,leisure,10,2,NRT
CDG,winter,1677,leisure,9,6,SIN
SYD,winter,1431,leisure,4,5,SIN
JFK,spring,4213,family,3,1,LHR
LAX,winter,6403,family,10,5,NRT
LHR,summer,6831,family,20,7,NRT
SIN,winter,704,family,14,1,BOM
DXB,summer,5735,business,25,13,NRT
LHR,winter,6955,business,19,19,NRT
CDG,autumn,5961,business,22,7,NRT
SYD,autumn,703,leisure,5,18,BOM
DXB,winter,4936,leisure,16,14,LHR
SYD,autumn,1384,family,16,16,SIN
BOM,winter,1050,business,3,13,SIN
LHR,spring,1701,leisure,21,15,SIN
JFK,spring,1892,family,18,9,SIN
FRA,winter,5202,leisure,27,9,NRT
SYD,spring,1686,family,14,16,SIN
LHR,autumn,1058,family,5,8,SIN
FRA,spring,1475,leisure,24,15,SIN
NRT,autumn,7013,family,6,19,NRT
BOM,autumn,3562,family,12,16,LHR
DXB,winter,1762,business,14,9,SIN
LHR,autumn,7099,leisure,24,5,NRT
BOM,autumn,5917,family,11,7,NRT
BOM,summer,3427,business,11,14,LHR
SIN,winter,5630,leisure,13,17,NRT
LHR,winter,5793,business,8,7,NRT
SIN,winter,3836,leisure,29,17,LHR
LAX,spring,877,leisure,4,10,BOM
SIN,autumn,3806,leisure,28,8,LHR
LAX,autumn,3492,family,29,6,LHR
SYD,summer,7371,leisure,25,2,NRT
SYD,winter,6645,business,15,9,NRT
CDG,autumn,5295,family,12,19,NRT
FRA,summer,2086,business,19,3,CDG
LHR,autumn,4836,leisure,4,1,LHR
LAX,winter,4770,leisure,20,8,LHR
SIN,summer,7919,family,16,6,NRT
FRA,spring,1479,business,10,13,SIN
LHR,summer,3955,family,29,14,LHR
LAX,summer,2585,leisure,18,16,CDG
NRT,summer,3603,family,3,11,LHR
CDG,summer,6552,business,13,18,NRT
SYD,summer,6132,leisure,16,12,NRT
SIN,autumn,3332,business,13,4,LHR
JFK,summer,271,leisure,22,5,DXB
LAX,summer,3087,leisure,27,7,LHR
LHR,winter,4028,leisure,13,8,LHR
CDG,summer,2959,leisure,22,14,CDG
JFK,autumn,2661,leisure,9,19,CDG
LAX,summer,4539,business,22,1,LHR
LHR,autumn,7753,family,21,2,NRT
JFK,summer,7316,business,11,13,NRT
LAX,winter,635,business,17,7,BOM
NRT,autumn,4779,business,12,9,LHR
JFK,autumn,3309,business,5,17,LHR
NRT,summer,2181,leisure,15,11,CDG
NRT,autumn,5933,family,2,9,NRT
CDG,summer,7181,leisure,14,4,NRT
LAX,winter,2443,business,22,8,CDG
NRT,winter,2017,family,19,18,CDG
FRA,winter,5225,family,11,10,NRT
DXB,spring,7489,business,29,19,NRT
JFK,summer,6886,family,25,17,NRT
LAX,winter,6724,business,8,16,NRT
BOM,autumn,2220,leisure,29,10,CDG
CDG,winter,5842,leisure,14,9,NRT
SIN,summer,3018,family,16,14,LHR
DXB,spring,7626,business,2,7,NRT
DXB,summer,3067,leisure,5,1,LHR
FRA,winter,2248,family,12,17,CDG
FRA,summer,4294,leisure,10,5,LHR
SIN,summer,950,family,15,4,DXB
SYD,autumn,2677,business,13,9,CDG
SIN,spring,3526,leisure,24,17,LHR
BOM,autumn,6727,leisure,6,16,NRT
LAX,winter,2893,family,14,13,CDG
SYD,summer,541,business,10,15,DXB
NRT,spring,4498,business,12,15,LHR
SYD,autumn,1407,leisure,10,15,SIN
FRA,spring,993,leisure,21,2,BOM
CDG,winter,644,leisure,27,8,BOM
JFK,winter,1713,family,10,7,SIN
CDG,spring,2718,leisure,25,9,CDG
LHR,spring,4141,family,19,13,LHR
NRT,winter,4621,family,18,18,LHR
SYD,spring,3565,business,3,8,LHR
LAX,winter,1318,business,20,1,SIN
DXB,winter,221,family,3,18,BOM
LHR,spring,2378,business,8,13,CDG
BOM,winter,1919,leisure,1,11,SIN
JFK,winter,225,business,21,11,BOM
CDG,autumn,6665,business,18,9,NRT
LHR,winter,3293,business,14,16,LHR
LAX,winter,3072,family,8,6,LHR
LAX,winter,739,business,19,16,BOM
NRT,spring,5974,business,17,7,NRT
NRT,autumn,7565,leisure,10,3,NRT
LHR,autumn,4932,leisure,14,11,LHR
JFK,winter,679,business,26,13,BOM
LHR,autumn,1244,business,11,19,SIN
NRT,summer,1504,business,2,1,SIN
JFK,autumn,4508,leisure,7,3,LHR
DXB,summer,1178,leisure,12,14,SIN
FRA,spring,4179,family,13,14,LHR
FRA,autumn,1297,leisure,18,3,SIN
LAX,winter,7356,leisure,16,5,NRT
NRT,winter,2093,family,16,2,CDG
JFK,spring,1013,leisure,4,2,SIN
JFK,winter,288,family,14,17,BOM
NRT,summer,4164,leisure,19,9,LHR
BOM,winter,3009,business,27,15,LHR
LHR,autumn,1986,family,10,10,SIN
NRT,spring,727,business,23,8,BOM
SYD,summer,5044,family,15,4,NRT
SYD,winter,2822,leisure,27,19,CDG
LAX,spring,3438,business,6,15,LHR
DXB,summer,5603,family,4,11,NRT
JFK,autumn,443,family,4,4,BOM
DXB,spring,1280,business,16,8,SIN
SYD,winter,7939,business,9,11,NRT
SIN,winter,3145,business,22,10,LHR
SIN,winter,5396,family,4,2,NRT
CDG,summer,7045,family,14,11,NRT
LHR,spring,4092,leisure,6,13,LHR
JFK,winter,808,business,11,1,BOM
BOM,autumn,3145,family,25,10,LHR
LAX,winter,5777,business,16,6,NRT
DXB,winter,309,leisure,28,13,BOM
LHR,autumn,5931,business,8,6,NRT
NRT,winter,3472,leisure,17,10,LHR
JFK,spring,6299,business,21,2,NRT
SIN,winter,991,family,11,12,BOM
LAX,summer,1966,family,10,1,SIN
DXB,summer,6546,family,29,2,NRT
SYD,summer,1361,leisure,2,12,SIN
SIN,autumn,4319,leisure,24,8,LHR
LAX,summer,1622,business,6,7,SIN
LAX,summer,3614,leisure,22,1,LHR
LAX,spring,2380,business,12,4,CDG
JFK,winter,7663,business,20,7,NRT
BOM,summer,1137,business,11,5,SIN
SYD,summer,6776,leisure,13,16,NRT
LHR,summer,5436,leisure,26,14,NRT
DXB,winter,5078,business,13,12,NRT
FRA,autumn,4360,family,29,3,LHR
LHR,summer,7793,business,23,3,NRT
SIN,summer,457,family,12,5,DXB
LAX,winter,7916,family,11,9,NRT
BOM,winter,1631,family,11,8,SIN
SYD,spring,6611,leisure,6,17,NRT
BOM,autumn,2411,leisure,16,7,CDG
JFK,spring,2770,business,7,13,CDG
SIN,summer,3571,leisure,21,6,LHR
BOM,winter,2736,leisure,8,13,CDG
SYD,summer,7381,family,11,15,NRT
SIN,autumn,7652,business,6,11,NRT
SYD,summer,4907,family,13,2,LHR
DXB,spring,7049,business,7,11,NRT
CDG,summer,5830,family,12,9,NRT
LHR,summer,1770,family,16,14,SIN
LAX,spring,774,business,22,9,BOM
LAX,summer,359,leisure,24,7,DXB
BOM,spring,4795,family,2,2,LHR
LAX,spring,5245,family,27,3,NRT
SIN,spring,2545,business,18,9,CDG
SYD,winter,5535,leisure,18,17,NRT
NRT,spring,4002,leisure,20,10,LHR
JFK,spring,4893,leisure,1,14,LHR
LHR,winter,4544,family,17,14,LHR
BOM,winter,643,business,3,1,BOM
CDG,summer,4907,leisure,20,12,LHR
LAX,winter,6135,business,24,3,NRT
CDG,spring,3398,family,6,18,LHR
SYD,spring,4821,business,13,7,LHR
SIN,autumn,3610,family,4,13,LHR
NRT,autumn,6984,business,9,7,NRT
NRT,spring,7273,leisure,8,3,NRT
LAX,autumn,2051,family,29,11,CDG
JFK,spring,6472,business,8,7,NRT
LAX,summer,1327,business,17,15,SIN
FRA,spring,588,family,22,15,BOM
SIN,winter,5589,business,15,1,NRT
BOM,autumn,5794,family,15,4,NRT
CDG,winter,6345,family,12,11,NRT
SYD,spring,3293,family,8,10,LHR
JFK,spring,2564,business,22,13,CDG
DXB,winter,4581,leisure,29,11,LHR
LHR,summer,5714,business,19,11,NRT
NRT,winter,1366,business,12,3,SIN
JFK,autumn,6636,leisure,4,14,NRT
LHR,winter,6844,business,9,14,NRT
NRT,winter,4910,leisure,24,16,LHR
JFK,summer,7659,leisure,16,13,NRT
CDG,spring,6713,leisure,14,19,NRT
LHR,winter,7419,leisure,25,14,NRT
LAX,summer,7432,leisure,14,18,NRT
SYD,autumn,5399,business,2,16,NRT
NRT,summer,3587,leisure,6,7,LHR
SIN,spring,4034,business,26,3,LHR
LAX,winter,584,family,24,3,BOM
LHR,winter,5402,business,20,5,NRT
LAX,winter,6597,family,20,5,NRT
JFK,autumn,1591,family,18,13,SIN
SIN,autumn,5456,business,13,18,NRT
JFK,winter,7338,family,18,8,NRT
SIN,summer,6746,business,15,2,NRT
SYD,summer,7145,business,21,4,NRT
BOM,winter,3132,business,19,1,LHR
BOM,summer,6480,leisure,1,18,NRT
DXB,summer,1513,business,7,7,SIN
BOM,summer,7921,family,15,9,NRT
SYD,summer,852,leisure,15,13,DXB
LHR,winter,5250,family,10,10,NRT
CDG,winter,3772,business,19,17,LHR
DXB,summer,3605,family,1,19,LHR
DXB,winter,7681,leisure,29,2,NRT
SIN,summer,3807,leisure,4,13,LHR
LHR,summer,1973,business,8,13,SIN
JFK,winter,1415,business,29,12,SIN
CDG,summer,7914,family,28,5,NRT
SIN,autumn,6614,leisure,10,13,NRT
SYD,winter,4632,leisure,18,7,LHR
DXB,summer,3768,leisure,25,6,LHR
JFK,spring,2396,family,5,8,CDG
SYD,spring,3973,family,18,10,LHR
DXB,spring,6782,business,17,10,NRT
CDG,autumn,5514,leisure,21,4,NRT
NRT,winter,4744,family,4,12,LHR
SIN,spring,6293,family,9,13,NRT
JFK,winter,2340,leisure,20,19,CDG
LAX,autumn,4597,business,2,7,LHR
FRA,summer,3022,leisure,7,12,LHR
LAX,summer,2735,family,19,10,CDG
JFK,winter,3096,family,19,6,LHR
FRA,spring,6560,leisure,22,4,NRT
CDG,winter,573,family,15,14,BOM
DXB,autumn,1584,leisure,21,8,SIN
BOM,summer,1270,leisure,3,17,SIN
CDG,winter,7154,business,4,13,NRT
JFK,winter,930,leisure,12,19,BOM
NRT,autumn,7570,business,5,18,NRT
BOM,spring,6442,family,7,6,NRT
BOM,autumn,4882,leisure,13,18,LHR
SIN,winter,6459,family,13,15,NRT
SYD,spring,3519,leisure,2,5,LHR
NRT,spring,473,leisure,6,5,BOM
FRA,spring,7067,family,4,9,NRT
DXB,winter,1869,business,21,7,SIN
SIN,summer,5238,leisure,5,1,NRT
SYD,spring,4631,family,10,15,LHR
LAX,winter,4790,leisure,8,12,LHR
BOM,spring,3056,business,26,12,LHR
BOM,autumn,4911,business,21,5,LHR
FRA,autumn,4745,family,10,13,LHR
LAX,winter,6721,family,5,6,NRT
NRT,winter,7200,business,2,10,NRT
LAX,spring,2120,business,5,8,CDG
JFK,autumn,6007,leisure,17,16,NRT
SYD,summer,5449,leisure,26,13,NRT
SIN,spring,4878,leisure,1,9,LHR
DXB,autumn,3093,business,20,2,LHR
DXB,spring,3481,leisure,18,17,LHR
CDG,summer,2472,family,21,17,CDG
JFK,spring,5220,family,3,12,NRT
BOM,summer,4360,family,11,18,LHR
SYD,autumn,2490,business,25,13,CDG
FRA,spring,5798,business,9,4,NRT
BOM,summer,5949,business,6,11,NRT
SIN,spring,6324,family,2,1,NRT
CDG,summer,2355,family,28,3,CDG
SYD,spring,7597,family,5,8,NRT
SIN,autumn,6370,business,12,4,NRT
FRA,summer,7138,family,18,13,NRT
BOM,winter,7987,family,8,14,NRT
LAX,spring,6196,business,25,15,NRT
NRT,summer,713,leisure,5,2,DXB
JFK,autumn,1819,business,12,10,SIN
CDG,winter,4983,leisure,8,5,LHR
FRA,autumn,3672,family,23,9,LHR
SYD,autumn,5870,business,22,14,NRT
NRT,winter,1985,business,23,7,SIN
LAX,summer,3566,leisure,9,3,LHR
FRA,summer,7247,business,1,11,NRT
CDG,winter,501,family,13,13,BOM
NRT,spring,2122,leisure,1,14,CDG
CDG,spring,4038,family,20,11,LHR
LAX,spring,3976,leisure,3,3,LHR
LHR,autumn,4068,leisure,11,3,LHR
NRT,summer,6456,family,12,10,NRT
LHR,spring,5862,family,9,8,NRT
SIN,autumn,4366,leisure,26,3,LHR
NRT,winter,5820,leisure,9,8,NRT
FRA,summer,7546,business,9,15,NRT
BOM,spring,2618,business,23,16,CDG
LHR,summer,6804,leisure,13,16,NRT
SYD,winter,2607,leisure,15,6,CDG
LAX,summer,1409,family,10,5,SIN
SIN,spring,1884,leisure,17,12,SIN
DXB,summer,678,leisure,23,19,DXB
BOM,winter,993,family,10,14,BOM
DXB,autumn,5157,family,10,7,NRT
NRT,winter,4358,business,25,11,LHR
SIN,winter,2728,family,8,14,CDG
BOM,winter,7721,family,21,6,NRT
SYD,summer,5764,leisure,6,4,NRT
LHR,spring,5507,leisure,25,17,NRT
CDG,spring,1529,leisure,23,7,SIN
LAX,summer,1225,business,15,12,SIN
SIN,winter,268,business,22,3,BOM
FRA,winter,1974,leisure,15,9,SIN
NRT,summer,838,family,27,9,DXB
CDG,summer,7855,family,18,12,NRT
BOM,winter,5429,family,21,15,NRT
LAX,winter,4301,family,14,4,LHR
SYD,spring,5731,business,23,10,NRT
FRA,autumn,3461,family,3,9,LHR
SIN,winter,7514,family,14,13,NRT
BOM,summer,4126,business,11,14,LHR
LHR,summer,887,business,2,1,DXB
BOM,autumn,4904,business,11,17,LHR
SIN,autumn,1668,business,21,7,SIN
JFK,spring,7616,family,15,9,NRT
BOM,autumn,4167,business,22,12,LHR
JFK,spring,5603,family,6,11,NRT
FRA,autumn,3157,family,11,2,LHR
LAX,spring,4365,leisure,28,5,LHR
CDG,winter,2586,family,22,18,CDG
BOM,spring,7753,leisure,23,4,NRT
CDG,winter,2958,business,9,14,CDG
JFK,winter,5413,family,23,6,NRT
LHR,winter,2114,leisure,1,10,CDG
SIN,winter,2921,family,1,1,CDG
BOM,summer,721,business,25,10,DXB
SYD,autumn,5505,business,3,7,NRT
CDG,summer,491,family,24,2,DXB
NRT,spring,6408,business,17,4,NRT
FRA,autumn,2101,family,4,16,CDG
SYD,winter,6631,leisure,19,12,NRT
LHR,winter,1634,business,11,4,SIN
NRT,autumn,2605,leisure,23,15,CDG
BOM,spring,3220,business,19,2,LHR
BOM,winter,1001,family,5,10,SIN
CDG,summer,947,family,13,7,DXB
FRA,autumn,852,business,18,5,BOM
DXB,spring,1471,business,15,9,SIN
LHR,autumn,4513,business,3,19,LHR
JFK,autumn,3794,leisure,1,1,LHR
SIN,spring,5128,family,12,13,NRT
SYD,spring,5072,family,28,17,NRT
CDG,winter,6065,leisure,19,2,NRT
SYD,spring,3103,business,8,3,LHR
JFK,summer,2921,leisure,29,16,CDG
JFK,summer,7566,business,29,3,NRT
FRA,summer,798,family,19,9,DXB
BOM,autumn,4620,business,1,5,LHR
CDG,winter,4060,leisure,22,18,LHR
JFK,autumn,3450,leisure,1,15,LHR
DXB,summer,7676,leisure,13,5,NRT
FRA,spring,6186,business,19,1,NRT
CDG,autumn,1176,business,2,19,SIN
FRA,winter,713,family,11,17,BOM
BOM,summer,380,family,3,12,DXB
LHR,winter,7985,business,29,16,NRT
CDG,winter,5731,family,26,17,NRT
FRA,summer,7738,leisure,10,8,NRT
SYD,winter,2380,leisure,2,11,CDG
SIN,autumn,1874,family,17,6,SIN
LAX,winter,2862,family,11,15,CDG
SIN,winter,4815,business,5,9,LHR
SYD,spring,4499,family,4,16,LHR
SYD,winter,2389,business,17,5,CDG
SIN,autumn,7818,business,29,2,NRT
FRA,winter,406,leisure,29,7,BOM
NRT,autumn,3495,family,3,12,LHR
FRA,autumn,4762,business,26,11,LHR
LAX,summer,1946,leisure,28,17,SIN
CDG,autumn,6734,family,5,8,NRT
CDG,spring,3731,leisure,7,1,LHR
SIN,autumn,7694,family,17,12,NRT
BOM,spring,492,family,9,6,BOM
LAX,summer,7787,leisure,7,17,NRT
DXB,spring,1310,business,3,10,SIN
FRA,winter,297,family,26,3,BOM
JFK,summer,571,leisure,21,13,DXB
SYD,winter,4398,leisure,5,8,LHR
BOM,spring,6013,business,23,17,NRT
NRT,spring,905,leisure,2,5,BOM
CDG,summer,5399,business,20,7,NRT
CDG,winter,4425,family,21,3,LHR
FRA,spring,3307,business,19,6,LHR
LAX,autumn,4350,business,16,14,LHR
LAX,autumn,280,leisure,25,9,BOM
BOM,autumn,5166,family,7,17,NRT
JFK,spring,2660,leisure,8,9,CDG
BOM,autumn,2402,business,26,13,CDG
FRA,spring,3297,business,2,16,LHR
NRT,autumn,6926,family,22,11,NRT
SYD,winter,1797,leisure,2,5,SIN
FRA,spring,3400,family,21,17,LHR
LHR,autumn,1046,leisure,15,16,SIN
SIN,summer,720,family,6,5,DXB
SIN,spring,2182,business,4,19,CDG
BOM,autumn,1973,business,23,10,SIN
FRA,autumn,7085,leisure,24,12,NRT
SYD,spring,5370,leisure,14,19,NRT
BOM,summer,1108,business,7,7,SIN
NRT,autumn,4968,leisure,28,6,LHR
SYD,winter,7973,family,26,13,NRT
SIN,winter,4248,business,25,19,LHR
CDG,winter,2713,family,21,16,CDG
SYD,summer,7383,family,21,11,NRT
BOM,winter,413,business,14,10,BOM
DXB,summer,3730,business,19,15,LHR
LAX,summer,7958,business,7,7,NRT
SIN,spring,1284,family,14,2,SIN
NRT,autumn,3568,leisure,24,18,LHR
SIN,spring,5794,family,10,16,NRT
FRA,spring,271,leisure,3,4,BOM
DXB,summer,6667,family,13,10,NRT
NRT,winter,6262,leisure,22,5,NRT
CDG,spring,2727,leisure,21,11,CDG
LHR,summer,6299,business,10,16,NRT
NRT,summer,6957,business,5,9,NRT
LAX,autumn,3109,business,23,17,LHR
NRT,spring,7374,leisure,11,12,NRT
BOM,summer,7212,leisure,4,14,NRT
BOM,autumn,2828,business,16,15,CDG
DXB,summer,6405,family,4,5,NRT
CDG,autumn,1649,leisure,9,5,SIN
SYD,summer,2372,leisure,6,4,CDG
BOM,spring,2521,business,26,8,CDG
DXB,spring,1055,leisure,5,5,SIN
CDG,summer,2601,business,13,19,CDG
LHR,summer,6724,business,11,12,NRT
LHR,winter,7944,leisure,7,7,NRT
BOM,summer,896,family,14,6,DXB
DXB,spring,1094,business,15,19,SIN
SIN,autumn,943,business,1,6,BOM
JFK,summer,1246,leisure,7,1,SIN
SYD,autumn,6243,business,24,1,NRT
BOM,autumn,1585,family,25,5,SIN
BOM,autumn,5985,family,11,16,NRT
NRT,spring,3133,leisure,2,15,LHR
JFK,autumn,4926,leisure,15,10,LHR
JFK,summer,2123,family,19,19,CDG
LAX,spring,7337,leisure,13,7,NRT
BOM,summer,3813,leisure,29,16,LHR
SIN,summer,1020,business,4,5,SIN
NRT,autumn,2874,family,1,14,CDG
DXB,winter,3543,family,4,16,LHR
LHR,winter,3417,family,2,8,LHR
FRA,spring,5688,family,10,17,NRT
BOM,spring,2983,leisure,7,8,CDG
LAX,spring,5062,leisure,1,13,NRT
DXB,winter,3884,family,7,3,LHR
JFK,autumn,6484,leisure,25,8,NRT
NRT,spring,5506,leisure,15,5,NRT
SIN,spring,7896,leisure,14,11,NRT
LHR,winter,6531,leisure,25,4,NRT
JFK,winter,2683,business,2,3,CDG
DXB,autumn,2453,leisure,10,18,CDG
SIN,autumn,7304,leisure,12,5,NRT
SYD,summer,5998,family,20,13,NRT
BOM,autumn,4206,business,4,19,LHR
SYD,winter,7418,business,20,10,NRT
NRT,spring,1306,family,4,9,SIN
SIN,winter,7089,leisure,23,6,NRT
NRT,spring,7272,family,24,6,NRT
NRT,spring,595,leisure,24,18,BOM
NRT,winter,5585,business,28,9,NRT
DXB,summer,6820,leisure,15,5,NRT
SYD,winter,1058,business,24,1,SIN
SIN,autumn,424,business,26,9,BOM
NRT,winter,983,leisure,19,19,BOM
DXB,winter,2947,leisure,4,19,CDG
LAX,spring,6043,business,2,15,NRT
FRA,spring,5717,leisure,7,5,NRT
SYD,summer,2581,business,18,18,CDG
DXB,spring,2005,family,16,6,CDG
LHR,spring,4272,family,24,9,LHR
BOM,summer,7827,family,28,19,NRT
BOM,winter,2011,business,2,2,CDG
LHR,summer,269,family,29,19,DXB
SYD,spring,869,family,25,6,BOM
FRA,summer,3948,family,10,3,LHR
DXB,spring,7357,family,20,16,NRT
CDG,winter,2136,leisure,21,5,CDG
LHR,summer,1925,business,23,5,SIN
LAX,summer,5734,leisure,27,9,NRT
CDG,summer,924,family,5,10,DXB
DXB,winter,1613,business,3,14,SIN
SIN,spring,786,leisure,24,7,BOM
CDG,autumn,3520,family,26,1,LHR
LHR,autumn,4083,family,1,15,LHR
FRA,summer,6567,business,10,3,NRT
SYD,winter,5729,leisure,26,6,NRT
FRA,summer,5683,leisure,25,11,NRT
NRT,autumn,6923,leisure,24,17,NRT
JFK,summer,656,family,16,17,DXB
BOM,spring,2995,leisure,24,13,CDG
CDG,summer,4662,leisure,10,14,LHR
LAX,winter,5129,leisure,29,15,NRT
JFK,winter,1536,leisure,21,17,SIN
FRA,spring,4833,business,26,8,LHR
CDG,autumn,1955,leisure,13,11,SIN
SYD,spring,5008,leisure,5,19,NRT
DXB,summer,6002,family,4,9,NRT
SYD,spring,2631,family,17,13,CDG
DXB,spring,3369,family,29,7,LHR
FRA,summer,5938,business,8,3,NRT
SIN,autumn,1506,leisure,8,3,SIN
JFK,summer,7228,leisure,11,2,NRT
BOM,autumn,716,leisure,4,2,BOM
JFK,winter,5373,business,19,14,NRT
BOM,spring,7090,family,13,13,NRT
SIN,summer,3314,business,11,19,LHR
FRA,summer,7084,business,24,7,NRT
CDG,winter,6847,leisure,16,8,NRT
BOM,spring,5968,business,26,11,NRT
FRA,summer,3021,family,26,12,LHR
BOM,autumn,3043,leisure,7,2,LHR
BOM,winter,3278,leisure,25,1,LHR
JFK,winter,5146,leisure,19,11,NRT
CDG,winter,4216,leisure,4,9,LHR
BOM,autumn,5703,leisure,14,14,NRT
BOM,summer,7715,family,25,14,NRT
SYD,summer,4834,business,16,9,LHR
CDG,autumn,3415,leisure,1,16,LHR
BOM,spring,4002,leisure,20,1,LHR
LAX,summer,7743,leisure,13,8,NRT
LAX,winter,3545,business,28,6,LHR
SIN,spring,1075,family,13,5,SIN
CDG,autumn,5180,business,27,15,NRT
SIN,winter,2120,business,14,2,CDG
JFK,summer,7923,leisure,17,19,NRT
SYD,summer,3984,family,29,1,LHR
LAX,winter,7956,business,29,17,NRT
SYD,spring,2481,family,10,4,CDG
FRA,winter,1222,leisure,20,18,SIN
SIN,winter,4567,business,28,2,LHR
FRA,autumn,5607,family,27,19,NRT
SIN,spring,2537,family,12,16,CDG
LAX,spring,4457,business,6,7,LHR
CDG,summer,3912,family,22,15,LHR
LAX,autumn,5674,leisure,9,3,NRT
LHR,summer,2760,family,8,5,CDG
LHR,winter,5460,business,24,15,NRT
SYD,autumn,7939,business,19,8,NRT
LAX,winter,6499,family,22,19,NRT
SYD,summer,5057,family,17,3,NRT
LHR,winter,6479,business,27,1,NRT
CDG,spring,4746,leisure,19,15,LHR
JFK,winter,3914,business,10,4,LHR
LHR,winter,5193,business,23,17,NRT
LHR,autumn,3432,leisure,9,19,LHR
CDG,winter,3636,business,2,6,LHR
CDG,summer,2759,family,9,5,CDG
SYD,spring,2489,business,25,14,CDG
FRA,spring,4610,leisure,26,14,LHR
SYD,spring,2050,family,24,5,CDG
FRA,spring,6057,family,17,14,NRT
FRA,winter,4724,family,2,12,LHR
NRT,autumn,2373,family,21,14,CDG
SIN,summer,2338,family,15,1,CDG
NRT,winter,4470,business,22,19,LHR
LHR,winter,4890,family,8,6,LHR
DXB,summer,3214,leisure,18,15,LHR
LAX,winter,4777,business,8,9,LHR
NRT,autumn,936,leisure,19,18,BOM
JFK,autumn,2729,family,25,4,CDG
FRA,winter,1001,leisure,14,14,SIN
FRA,winter,4248,leisure,22,16,LHR
FRA,winter,515,business,3,5,BOM
DXB,autumn,7032,family,16,9,NRT
SIN,spring,2934,family,19,1,CDG
LHR,summer,5110,business,9,5,NRT
SYD,autumn,2861,leisure,17,1,CDG
LAX,summer,5296,family,25,18,NRT
BOM,summer,6309,business,6,2,NRT
SYD,spring,5932,family,23,19,NRT
BOM,summer,2787,family,9,8,CDG
FRA,autumn,2432,business,24,17,CDG
NRT,autumn,4319,business,25,11,LHR
DXB,autumn,729,family,24,10,BOM
SYD,summer,3932,leisure,20,6,LHR
DXB,winter,1740,family,25,15,SIN
DXB,autumn,7467,business,15,1,NRT
SIN,winter,3799,business,17,14,LHR
DXB,autumn,532,leisure,29,3,BOM
DXB,autumn,5736,family,8,13,NRT
DXB,summer,6703,family,9,2,NRT
LAX,winter,4476,leisure,5,11,LHR
LHR,autumn,5749,family,23,9,NRT
FRA,autumn,4756,business,5,7,LHR
LHR,autumn,1292,business,17,5,SIN
FRA,winter,5497,family,28,4,NRT
CDG,autumn,2741,leisure,4,14,CDG
DXB,autumn,2173,family,14,5,CDG
NRT,winter,5731,family,13,19,NRT
LAX,summer,6480,family,11,19,NRT
SIN,winter,3525,family,14,7,LHR
DXB,summer,6276,family,17,7,NRT
LAX,autumn,7906,family,9,16,NRT
BOM,autumn,3448,family,9,7,LHR
BOM,summer,1333,business,19,4,SIN
SYD,winter,1241,business,16,19,SIN
BOM,winter,565,business,23,10,BOM
BOM,spring,1077,business,24,19,SIN
CDG,winter,5142,family,24,12,NRT
BOM,spring,3867,family,7,16,LHR
FRA,spring,7742,business,4,4,NRT
SIN,summer,4745,leisure,1,16,LHR
SIN,summer,5073,family,16,6,NRT
BOM,winter,2743,leisure,18,18,CDG
CDG,summer,1173,family,6,12,SIN
LHR,autumn,6999,business,15,4,NRT
SYD,spring,6875,leisure,10,10,NRT
JFK,summer,7151,leisure,27,12,NRT
JFK,autumn,6854,leisure,24,1,NRT
LAX,autumn,3151,leisure,14,15,LHR
DXB,summer,2302,leisure,18,7,CDG
JFK,summer,4056,family,1,2,LHR
CDG,spring,7545,business,29,15,NRT
JFK,spring,6756,business,26,3,NRT
SIN,summer,1658,leisure,12,1,SIN
NRT,autumn,1738,family,12,4,SIN
JFK,autumn,4750,leisure,3,8,LHR
SYD,winter,6483,business,27,10,NRT
BOM,summer,785,business,1,4,DXB
JFK,winter,1650,leisure,2,10,SIN
FRA,summer,759,leisure,9,6,DXB
JFK,winter,2659,business,21,17,CDG
SIN,spring,246,family,9,5,BOM
DXB,spring,6778,leisure,25,11,NRT
FRA,autumn,5464,business,7,11,NRT
CDG,spring,5741,leisure,29,7,NRT
CDG,summer,7807,family,27,3,NRT
CDG,winter,6031,family,9,5,NRT
LAX,spring,1148,leisure,2,9,SIN
BOM,summer,474,business,10,13,DXB
LHR,summer,3035,family,23,2,LHR
LAX,autumn,1818,leisure,9,7,SIN
JFK,autumn,2843,leisure,21,12,CDG
LAX,summer,5335,business,9,7,NRT
LHR,spring,495,leisure,27,1,BOM
CDG,autumn,3647,leisure,24,5,LHR
CDG,summer,5037,business,7,12,NRT
FRA,spring,451,family,26,8,BOM
LAX,autumn,5264,business,10,17,NRT
LHR,autumn,1117,family,29,18,SIN
FRA,spring,598,family,16,11,BOM
LHR,autumn,7551,family,24,4,NRT
LAX,autumn,4259,leisure,2,15,LHR
LHR,summer,7819,business,14,18,NRT
NRT,summer,2688,family,9,14,CDG
JFK,summer,2292,family,4,17,CDG
NRT,winter,7125,family,14,15,NRT
FRA,winter,2784,business,14,1,CDG
DXB,spring,4914,family,1,18,LHR
SIN,spring,5745,business,4,14,NRT
NRT,winter,5869,business,20,16,NRT
LHR,summer,7660,family,20,10,NRT
DXB,autumn,912,leisure,22,3,BOM
FRA,summer,3202,family,1,14,LHR
LHR,summer,921,leisure,19,18,DXB
SYD,winter,6883,family,26,13,NRT
DXB,summer,3044,business,24,14,LHR
BOM,autumn,7340,business,25,5,NRT
FRA,summer,4453,family,24,12,LHR
LAX,spring,2479,family,14,4,CDG
CDG,winter,3771,business,12,15,LHR
LHR,summer,4673,family,17,18,LHR
DXB,spring,7973,family,13,8,NRT
LAX,spring,547,family,6,4,BOM
SIN,summer,2873,leisure,5,13,CDG
NRT,winter,444,family,7,10,BOM
BOM,spring,7661,business,9,19,NRT
NRT,spring,6425,family,4,16,NRT
DXB,autumn,358,family,10,9,BOM
SIN,winter,1064,business,10,19,SIN
SYD,spring,2421,family,29,12,CDG
BOM,spring,3596,business,24,3,LHR
LHR,autumn,4505,family,12,5,LHR
CDG,summer,3967,leisure,15,3,LHR
CDG,summer,4354,business,1,5,LHR
SIN,winter,4017,family,14,11,LHR
NRT,autumn,1193,leisure,6,7,SIN
SIN,summer,2638,business,7,2,CDG
FRA,spring,5510,business,13,18,NRT
BOM,spring,6173,family,10,3,NRT
LAX,spring,4685,leisure,9,10,LHR
DXB,autumn,5959,leisure,2,16,NRT
BOM,winter,444,leisure,8,19,BOM
BOM,autumn,1025,leisure,4,6,SIN
FRA,winter,3587,leisure,14,2,LHR
LAX,winter,1330,leisure,5,7,SIN
SYD,spring,4139,leisure,24,2,LHR
CDG,spring,1269,family,7,6,SIN
BOM,autumn,4179,business,19,1,LHR
NRT,autumn,7718,business,28,14,NRT
LHR,summer,6699,business,5,1,NRT
SIN,winter,2596,family,11,18,CDG
LHR,spring,1048,leisure,4,14,SIN
NRT,spring,2426,leisure,28,13,CDG
SIN,spring,1976,leisure,17,12,SIN
SIN,summer,3864,business,26,12,LHR
LAX,autumn,463,business,17,19,BOM
JFK,winter,1516,family,9,3,SIN
CDG,autumn,3521,leisure,5,18,LHR
SYD,winter,5969,leisure,26,4,NRT
SIN,winter,5892,leisure,19,15,NRT
FRA,spring,6397,business,13,16,NRT
SYD,winter,1220,business,12,19,SIN
FRA,autumn,6070,leisure,17,8,NRT
SYD,winter,4141,business,18,11,LHR
BOM,autumn,4717,leisure,2,4,LHR
SYD,autumn,4437,family,16,16,LHR
DXB,spring,1130,business,21,16,SIN
SYD,spring,1691,leisure,5,15,SIN
LAX,summer,2176,business,1,18,CDG
JFK,winter,4687,leisure,15,1,LHR
LAX,autumn,3326,family,2,4,LHR
SYD,winter,3337,family,20,12,LHR
JFK,winter,4533,leisure,14,12,LHR
LAX,spring,2326,leisure,22,17,CDG
NRT,summer,4941,family,13,17,LHR
CDG,autumn,1879,leisure,12,7,SIN
SYD,winter,7702,business,22,16,NRT
LHR,spring,5444,family,2,13,NRT
FRA,winter,7740,leisure,25,15,NRT
FRA,summer,932,family,26,13,DXB
CDG,autumn,1560,business,17,15,SIN
SYD,summer,3550,business,25,5,LHR
BOM,spring,4093,family,21,14,LHR
NRT,winter,5997,family,14,19,NRT
SYD,autumn,2291,family,11,4,CDG
CDG,winter,2269,family,4,9,CDG
LAX,spring,7382,family,29,9,NRT
LAX,winter,1027,family,1,11,SIN
BOM,autumn,7270,family,3,17,NRT
CDG,spring,1354,business,7,14,SIN
FRA,autumn,3387,leisure,1,3,LHR
SIN,autumn,1545,family,2,15,SIN
SYD,autumn,3216,business,10,6,LHR
LAX,winter,6644,business,15,7,NRT
SIN,summer,1888,family,21,2,SIN
SIN,autumn,1639,business,7,15,SIN
DXB,autumn,4192,business,22,3,LHR
NRT,autumn,321,leisure,5,17,BOM
SIN,winter,4938,leisure,16,19,LHR
JFK,winter,4485,family,9,2,LHR
LHR,spring,7947,leisure,29,7,NRT
LAX,winter,1626,leisure,24,18,SIN
BOM,summer,466,leisure,5,1,DXB
LAX,spring,5130,business,26,1,NRT
LHR,spring,2756,family,2,5,CDG
LAX,summer,7328,business,27,3,NRT
DXB,winter,311,business,29,1,BOM
JFK,summer,2816,family,10,11,CDG
FRA,winter,7874,family,24,11,NRT
LHR,spring,5470,business,16,17,NRT
SYD,spring,6219,family,10,7,NRT
JFK,summer,3175,family,18,4,LHR
BOM,winter,3276,business,23,8,LHR
SYD,spring,1339,leisure,6,11,SIN
SYD,spring,4372,family,27,2,LHR
BOM,autumn,2150,family,21,6,CDG
BOM,summer,4981,business,20,9,LHR
SIN,summer,522,family,14,7,DXB
JFK,summer,388,family,16,15,DXB
CDG,winter,4383,business,23,5,LHR
LHR,autumn,480,leisure,2,12,BOM
SIN,autumn,4353,business,25,5,LHR
LHR,spring,2448,business,17,6,CDG
JFK,winter,5847,family,20,16,NRT
LHR,autumn,1966,family,2,9,SIN
NRT,summer,7826,family,22,12,NRT
SYD,autumn,4166,business,20,12,LHR
BOM,summer,6336,business,5,1,NRT
CDG,winter,2324,leisure,9,13,CDG
LAX,winter,1674,business,18,11,SIN
SYD,winter,4075,leisure,21,10,LHR
CDG,winter,6502,leisure,29,12,NRT
NRT,spring,4302,family,13,8,LHR
FRA,spring,1996,business,6,4,SIN
FRA,summer,4167,business,12,14,LHR
DXB,spring,2590,business,24,1,CDG
DXB,autumn,5589,leisure,29,4,NRT
JFK,autumn,5072,leisure,19,15,NRT
SIN,spring,3362,leisure,15,12,LHR
BOM,winter,1933,leisure,7,18,SIN
NRT,winter,5101,business,14,16,NRT
FRA,winter,584,leisure,19,2,BOM
LAX,autumn,2487,family,4,16,CDG
LAX,autumn,5991,business,23,3,NRT
BOM,summer,3753,business,12,11,LHR
DXB,winter,4437,leisure,7,7,LHR
JFK,winter,1754,leisure,9,11,SIN
CDG,winter,3568,business,2,14,LHR
LHR,winter,7955,family,12,13,NRT
DXB,winter,4357,business,3,13,LHR
LHR,spring,6875,family,14,12,NRT
